COURSE.SECTIONS.ID,SEC.TERM,SEC.LOCATION,X.SEC.DELIVERY.MODE,X.SEC.DELIVERY.METHOD
29148,2019SP,HS,ASY,WB
30335,2018FA,MC,,TR
30336,2018FA,MC,,TR
30337,2018FA,OL,,IN
30338,2018FA,MC,ASY,IN
30339,2018FA,OL,ASY,IN
30340,2018FA,OL,ASY,IN
30341,2018FA,MC,,TR
30342,2018FA,MC,,TR
30343,2018FA,OL,ASY,IN
30344,2018FA,OL,,IN
30345,2018FA,OL,,IN
30346,2018FA,MC,,TR
30347,2018FA,MC,,TR
30348,2018FA,MC,,TR
30349,2018FA,MC,,TR
30350,2018FA,MC,,TR
30351,2018FA,OL,,IN
30352,2018FA,OL,,IN
30353,2018FA,OL,,IN
30354,2018FA,OL,,IN
30355,2018FA,OL,,IN
30356,2018FA,OL,,IN
30357,2018FA,OL,,IN
30358,2018FA,OL,,IN
30359,2018FA,OL,,IN
30360,2018FA,OL,,IN
30361,2018FA,OL,,IN
30362,2018FA,OL,,IN
30363,2018FA,OL,,IN
30364,2018FA,OL,,IN
30366,2018FA,OL,,IN
30367,2018FA,OL,,IN
30368,2018FA,OL,,IN
30369,2018FA,OL,,IN
30370,2018FA,OL,,IN
30371,2018FA,OL,,IN
30373,2018FA,OL,,IN
30374,2018FA,OL,,IN
30375,2018FA,OL,,IN
30376,2018FA,OL,,IN
30377,2018FA,OL,,IN
30378,2018FA,OL,,IN
30379,2018FA,MC,,TR
30380,2018FA,MC,,TR
30381,2018FA,OL,,IN
30382,2018FA,MC,SYN,TR
30383,2018FA,OL,,IN
30384,2018FA,MC,,TR
30385,2018FA,OL,,IN
30386,2018FA,MC,,TR
30387,2018FA,MC,,TR
30388,2018FA,MC,,TR
30389,2018FA,MC,,TR
30390,2018FA,OL,,IN
30391,2018FA,MC,,TR
30392,2018FA,OL,,IN
30394,2018FA,OL,,IN
30395,2018FA,OL,,IN
30396,2018FA,OC,,CP
30397,2018FA,MC,,TR
30398,2018FA,MC,,TR
30399,2018FA,OC,,TR
30400,2018FA,OC,,TR
30401,2018FA,OC,,TR
30402,2018FA,OC,,TR
30403,2018FA,MC,,TR
30404,2018FA,HTC,,TR
30405,2018FA,OC,,TR
30406,2018FA,OC,,TR
30407,2018FA,OC,,TR
30408,2018FA,OC,,TR
30409,2018FA,OC,,TR
30410,2018FA,OC,,TR
30411,2018FA,MC,,TR
30412,2018FA,OC,,TR
30413,2018FA,HTC,SYN,TR
30414,2018FA,MC,,TR
30415,2018FA,OC,SYN,TR
30416,2018FA,OC,SYN,TR
30417,2018FA,OC,,TR
30418,2018FA,OC,SYN,TR
30419,2018FA,OC,,TR
30420,2018FA,OC,SYN,TR
30421,2018FA,OC,,TR
30422,2018FA,OC,SYN,TR
30560,2018FA,MC,SYN,TR
30561,2018FA,MC,SYN,TR
30562,2018FA,MC,SYN,TR
30563,2018FA,MC,SYN,TR
30564,2018FA,MC,SYN,TR
30565,2018FA,MC,,TR
30566,2018FA,MC,,TR
30567,2018FA,MC,,WB
30568,2018FA,MC,,WB
30569,2018FA,OL,,IN
30570,2018FA,OL,ASY,IN
30610,2018FA,MC,,WB
30611,2018FA,MC,,WB
30612,2018FA,MC,,WB
30613,2018FA,MC,,WB
30614,2018FA,OL,,IN
30615,2018FA,OL,,IN
30616,2018FA,OL,ASY,IN
30617,2018FA,MC,,TR
30618,2018FA,,,TR
30619,2018FA,MC,,TR
30620,2018FA,MC,,TR
30621,2018FA,OL,,IN
30622,2018FA,MC,,TR
30623,2018FA,MC,,TR
30624,2018FA,MC,,TR
30625,2018FA,MC,,TR
30626,2018FA,MC,,TR
30627,2018FA,MC,,TR
30628,2018FA,OL,,IN
30629,2018FA,OL,,IN
30630,2018FA,MC,,TR
30631,2018FA,MC,,TR
30632,2018FA,MC,SYN,TR
30633,2018FA,MC,,TR
30634,2018FA,MC,SYN,TR
30635,2018FA,MC,,TR
30636,2018FA,MC,,TR
30639,2018FA,MC,,TR
30641,2018FA,MC,,TR
30643,2018FA,MC,,TR
30644,2018FA,MC,,TR
30646,2018FA,OL,,IN
30647,2018FA,OL,,IN
30648,2018FA,MC,,WB
30649,2018FA,MC,SYN,TR
30650,2018FA,MC,,TR
30651,2018FA,MC,,TR
30652,2018FA,OL,,IN
30654,2018FA,MC,,TR
30655,2018FA,MC,,TR
30656,2018FA,MC,,TR
30657,2018FA,MC,,TR
30658,2018FA,OL,,IN
30659,2018FA,MC,,TR
30660,2018FA,MC,,TR
30661,2018FA,MC,,WB
30662,2018FA,MC,,WB
30664,2018FA,OL,,IN
30665,2018FA,MC,,WB
30666,2018FA,,,IN
30667,2018FA,MC,,WB
30668,2018FA,OL,,IN
30669,2018FA,MC,,WB
30670,2018FA,MC,ASY,WB
30671,2018FA,OL,,IN
30672,2018FA,OL,,IN
30673,2018FA,OL,,IN
30674,2018FA,OL,,IN
30688,2018FA,MC,,TR
30689,2018FA,MC,,TR
30690,2018FA,MC,,TR
30691,2018FA,HTC,,TR
30692,2018FA,MC,,TR
30693,2018FA,MC,,TR
30694,2018FA,MC,,TR
30695,2018FA,MC,,TR
30696,2018FA,MC,,TR
30697,2018FA,MC,,TR
30698,2018FA,MC,,TR
30699,2018FA,MC,,TR
30700,2018FA,MC,,TR
30701,2018FA,MC,,TR
30702,2018FA,MC,,TR
30704,2018FA,OL,,IN
30705,2018FA,OL,,IN
30707,2018FA,OL,ASY,IN
30708,2018FA,MC,,TR
30709,2018FA,MC,,TR
30710,2018FA,MC,SYN,TR
30711,2018FA,MC,,TR
30712,2018FA,OL,,IN
30713,2018FA,OL,,IN
30714,2018FA,MC,,TR
30715,2018FA,OL,,IN
30716,2018FA,MC,,TR
30717,2018FA,OL,,IN
30718,2018FA,OL,ASY,IN
30719,2018FA,MC,,TR
30720,2018FA,OL,,IN
30721,2018FA,OL,,IN
30722,2018FA,MC,,TR
30723,2018FA,MC,,TR
30724,2018FA,MC,,TR
30725,2018FA,OL,,IN
30726,2018FA,OL,,IN
30727,2018FA,OL,,IN
30728,2018FA,OL,,IN
30729,2018FA,MC,SYN,TR
30730,2018FA,OL,,IN
30731,2018FA,MC,ASY,HY
30733,2018FA,MC,,TR
30734,2018FA,MC,,TR
30735,2018FA,MC,,TR
30736,2018FA,MC,,TR
30737,2018FA,MC,SYN,TR
30738,2018FA,MC,SYN,TR
30739,2018FA,MC,,TR
30740,2018FA,OL,,IN
30741,2018FA,MC,,TR
30742,2018FA,MC,,TR
30743,2018FA,MC,SYN,TR
30744,2018FA,MC,,TR
30745,2018FA,MC,,TR
30746,2018FA,MC,,HY
30747,2018FA,MC,,TR
30748,2018FA,MC,,TR
30749,2018FA,MC,,TR
30750,2018FA,MC,,TR
30751,2018FA,MC,,TR
30752,2018FA,MC,,TR
30753,2018FA,MC,,TR
30754,2018FA,MC,,TR
30756,2018FA,MC,,TR
30757,2018FA,MC,,TR
30758,2018FA,MC,,TR
30759,2018FA,MC,,TR
30760,2018FA,MC,,TR
30761,2018FA,MC,,TR
30763,2018FA,MC,,TR
30764,2018FA,OL,,IN
30765,2018FA,MC,,TR
30766,2018FA,MC,,TR
30767,2018FA,MC,,TR
30768,2018FA,MC,,TR
30769,2018FA,MC,,TR
30770,2018FA,MC,,TR
30772,2018FA,MC,,TR
30773,2018FA,MC,,TR
30774,2018FA,MC,,TR
30775,2018FA,MC,,TR
30776,2018FA,OL,ASY,IN
30777,2018FA,MC,,TR
30778,2018FA,MC,,TR
30779,2018FA,OL,,IN
30780,2018FA,MC,,TR
30781,2018FA,MC,,TR
30782,2018FA,MC,,TR
30783,2018FA,MC,,TR
30784,2018FA,MC,,TR
30785,2018FA,OL,,IN
30786,2018FA,OL,,IN
30787,2018FA,MC,,TR
30788,2018FA,MC,,TR
30789,2018FA,OL,,IN
30790,2018FA,HTC,,TR
30791,2018FA,MC,,WB
30792,2018FA,MC,ASY,WB
30793,2018FA,OL,,IN
30794,2018FA,MC,,WB
30795,2018FA,OL,,IN
30796,2018FA,MC,,WB
30797,2018FA,MC,,WB
30798,2018FA,MC,,WB
30799,2018FA,OL,,IN
30800,2018FA,MC,,WB
30801,2018FA,MC,,WB
30802,2018FA,MC,,WB
30803,2018FA,MC,,TR
30804,2018FA,MC,,TR
30805,2018FA,MC,,TR
30806,2018FA,OL,,IN
30807,2018FA,MC,,TR
30808,2018FA,MC,,TR
30809,2018FA,MC,,TR
30810,2018FA,MC,,TR
30812,2018FA,MC,,TR
30813,2018FA,MC,,TR
30814,2018FA,MC,,TR
30815,2018FA,MC,,TR
30816,2018FA,OL,,IN
30817,2018FA,MC,,TR
30818,2018FA,MC,,TR
30819,2018FA,MC,,TR
30820,2018FA,MC,,TR
30821,2018FA,HTC,,HY
30823,2018FA,HTC,,TR
30824,2018FA,OL,,IN
30825,2018FA,OL,,IN
30826,2018FA,HTC,,WB
30827,2018FA,HTC,,WB
30828,2018FA,HTC,,TR
30829,2018FA,HTC,SYN,TR
30830,2018FA,HTC,ASY,WB
30831,2018FA,HTC,,TR
30832,2018FA,HTC,,TR
30833,2018FA,MC,,TR
30834,2018FA,OL,,IN
30835,2018FA,MC,,TR
30836,2018FA,OL,,IN
30837,2018FA,OL,,IN
30838,2018FA,OL,,IN
30839,2018FA,MC,,TR
30840,2018FA,MC,,TR
30841,2018FA,MC,,TR
30842,2018FA,MC,SYN,TR
30843,2018FA,MC,SYN,TR
30844,2018FA,MC,,TR
30845,2018FA,MC,,TR
30846,2018FA,MC,,TR
30847,2018FA,MC,,TR
30848,2018FA,MC,,TR
30849,2018FA,MC,,TR
30850,2018FA,OL,,IN
30851,2018FA,OL,,IN
30852,2018FA,OL,,IN
30853,2018FA,OL,,IN
30854,2018FA,OL,,IN
30855,2018FA,OL,,IN
30856,2018FA,MC,,TR
30857,2018FA,MC,,HY
30858,2018FA,MC,,TR
30859,2018FA,HTC,,WB
30860,2018FA,MC,,WB
30861,2018FA,OL,,IN
30862,2018FA,OL,,IN
30863,2018FA,OL,ASY,IN
30864,2018FA,MC,,TR
30865,2018FA,OL,,IN
30866,2018FA,MC,,TR
30867,2018FA,OL,,IN
30868,2018FA,OL,,IN
30870,2018FA,OL,,IN
30871,2018FA,OL,,IN
30872,2018FA,MC,,TR
30873,2018FA,MC,,TR
30874,2018FA,MC,,TR
30875,2018FA,MC,,TR
30876,2018FA,MC,,TR
30877,2018FA,MC,,TR
30878,2018FA,MC,,TR
30879,2018FA,MC,,TR
30880,2018FA,MC,,TR
30881,2018FA,MC,,TR
30882,2018FA,MC,,TR
30883,2018FA,MC,,TR
30884,2018FA,MC,,TR
30886,2018FA,MC,,TR
30887,2018FA,MC,,TR
30888,2018FA,MC,,TR
30889,2018FA,MC,,TR
30890,2018FA,MC,,TR
30892,2018FA,MC,,TR
30893,2018FA,MC,,TR
30894,2018FA,MC,,TR
30895,2018FA,MC,,TR
30896,2018FA,OL,,IN
30897,2018FA,OL,,IN
30898,2018FA,MC,,TR
30899,2018FA,MC,,TR
30900,2018FA,MC,,TR
30901,2018FA,MC,,TR
30902,2018FA,MC,SYN,TR
30903,2018FA,OL,,IN
30904,2018FA,HTC,,TR
30905,2018FA,HTC,,WB
30906,2018FA,HTC,ASY,WB
30907,2018FA,HTC,,WB
30908,2018FA,HTC,ASY,WB
30909,2018FA,HTC,SYN,TR
30910,2018FA,HTC,SYN,TR
30911,2018FA,HTC,SYN,TR
30912,2018FA,HTC,SYN,TR
30913,2018FA,HTC,SYN,TR
30914,2018FA,HTC,SYN,TR
30915,2018FA,MC,SYN,TR
30916,2018FA,MC,,TR
30917,2018FA,MC,,TR
30918,2018FA,MC,SYN,TR
30920,2018FA,MC,,TR
30921,2018FA,MC,SYN,TR
30922,2018FA,MC,,TR
30931,2018FA,OL,,IN
30932,2018FA,OL,,IN
30933,2018FA,OL,,IN
30934,2018FA,OL,,IN
30935,2018FA,OL,,IN
30940,2018FA,OL,,IN
30941,2018FA,OL,,IN
30942,2018FA,OL,,IN
30947,2018FA,OL,ASY,IN
30948,2018FA,MC,ASY,WB
30949,2018FA,,,WB
30954,2018FA,MC,SYN,TR
30983,2018FA,OC,,CP
31002,2018FA,OC,,TR
31003,2018FA,OC,,TR
31004,2018FA,OC,,TR
31006,2018FA,OC,,TR
31020,2018FA,MC,,WB
31021,2018FA,MC,,WB
31022,2018FA,MC,,WB
31023,2018FA,MC,,WB
31038,2018FA,MC,,TR
31168,2018FA,MC,,WB
31173,2018FA,MC,SYN,TR
31209,2018FA,OL,,IN
31214,2018FA,OL,,IN
31224,2018FA,OC,,IS
31235,2018FA,MC,SYN,TR
31236,2018FA,MC,,TR
31237,2018FA,HTC,,TR
31238,2018FA,OL,,IN
31287,2018FA,HS,,WB
31316,2018FA,OL,,IN
31317,2018FA,HS,,WB
31318,2018FA,HS,,WB
31319,2018FA,HTC,,WB
31320,2018FA,MC,,TR
31321,2018FA,MC,,TR
31322,2018FA,MC,,WB
31323,2018FA,MC,,WB
31324,2018FA,HS,,WB
31325,2018FA,HS,ASY,WB
31326,2018FA,HS,ASY,WB
31327,2018FA,HTC,,TR
31328,2018FA,HTC,,WB
31336,2018FA,MC,,WB
31337,2018FA,MC,,WB
31404,2018FA,MC,,TR
31422,2018FA,OL,,IN
31428,2018FA,MC,,TR
31429,2018FA,HTC,,WB
31430,2018FA,MC,,TR
31431,2018FA,MC,,TR
31432,2018FA,HTC,,TR
31434,2018FA,MC,,WB
31435,2018FA,MC,,WB
31436,2018FA,MC,,TR
31437,2018FA,MC,,TR
31493,2018FA,HTC,,WB
31537,2018FA,OC,,TR
31605,2018FA,OL,ASY,IN
31621,2019SP,OL,ASY,IN
31622,2019SP,MC,SYN,TR
31623,2019SP,OL,ASY,IN
31624,2019SP,OL,ASY,IN
31626,2019SP,OL,ASY,IN
31627,2019SP,MC,SYN,TR
31628,2019SP,OL,ASY,IN
31629,2019SP,OL,ASY,IN
31630,2019SP,OL,ASY,IN
31631,2019SP,OL,ASY,IN
31632,2019SP,OL,ASY,IN
31633,2019SP,MC,SYN,TR
31634,2019SP,OL,ASY,IN
31635,2019SP,OL,ASY,IN
31636,2019SP,OL,ASY,IN
31670,2019SP,OL,ASY,IN
31671,2019SP,OL,ASY,IN
31673,2019SP,OL,ASY,IN
31674,2019SP,OL,ASY,IN
31675,2019SP,OL,ASY,IN
31676,2019SP,MC,SYN,TR
31677,2019SP,OL,ASY,IN
31678,2019SP,OL,ASY,IN
31679,2019SP,OL,ASY,IN
31680,2019SP,OL,ASY,IN
31681,2019SP,OL,ASY,IN
31682,2019SP,OL,ASY,IN
31683,2019SP,MC,SYN,TR
31684,2019SP,MC,SYN,TR
31685,2019SP,MC,SYN,TR
31686,2019SP,MC,SYN,TR
31687,2019SP,MC,SYN,TR
31688,2019SP,MC,SYN,TR
31689,2019SP,MC,SYN,TR
31690,2019SP,MC,SYN,TR
31691,2019SP,MC,SYN,TR
31692,2019SP,MC,SYN,TR
31693,2019SP,MC,SYN,TR
31694,2019SP,MC,SYN,TR
31695,2019SP,MC,SYN,TR
31696,2019SP,MC,SYN,TR
31697,2019SP,MC,SYN,TR
31698,2019SP,MC,SYN,TR
31699,2019SP,MC,SYN,TR
31701,2019SP,OC,ASY,WB
31704,2019SP,MC,SYN,TR
31705,2019SP,MC,SYN,TR
31706,2019SP,MC,SYN,TR
31707,2019SP,MC,SYN,TR
31708,2019SP,OL,ASY,IN
31709,2019SP,MC,SYN,TR
31710,2019SP,OL,ASY,IN
31711,2019SP,OL,ASY,IN
31712,2019SP,OL,ASY,IN
31713,2019SP,MC,SYN,TR
31714,2019SP,OL,ASY,IN
31715,2019SP,OL,ASY,IN
31716,2019SP,OL,ASY,IN
31717,2019SP,OL,ASY,IN
31718,2019SP,OL,ASY,IN
31719,2019SP,OL,ASY,IN
31720,2019SP,OL,ASY,IN
31721,2019SP,OL,ASY,IN
31722,2019SP,OL,ASY,IN
31723,2019SP,OL,ASY,IN
31724,2019SP,OL,ASY,IN
31725,2019SP,OL,ASY,IN
31726,2019SP,OL,ASY,IN
31727,2019SP,OL,ASY,IN
31728,2019SP,OL,ASY,IN
31729,2019SP,OL,ASY,IN
31730,2019SP,OL,ASY,IN
31731,2019SP,OL,ASY,IN
31732,2019SP,OL,ASY,IN
31733,2019SP,OL,ASY,IN
31734,2019SP,OL,ASY,IN
31735,2019SP,OL,ASY,IN
31736,2019SP,OL,ASY,IN
31737,2019SP,OC,ASY,IN
31738,2019SP,OL,ASY,IN
31739,2019SP,OL,ASY,IN
31740,2019SP,OL,ASY,IN
31741,2019SP,OL,ASY,IN
31742,2019SP,OL,ASY,IN
31743,2019SP,OL,ASY,IN
31744,2019SP,OL,ASY,IN
31745,2019SP,OL,ASY,IN
31746,2019SP,MC,SYN,TR
31747,2019SP,MC,ASY,WB
31748,2019SP,OL,ASY,IN
31749,2019SP,OL,ASY,IN
31750,2019SP,HTC,SYN,TR
31751,2019SP,OL,ASY,IN
31752,2019SP,HTC,SYN,TR
31753,2019SP,HTC,SYN,TR
31754,2019SP,HTC,ASY,WB
31756,2019SP,HTC,SYN,TR
31785,2019SP,MC,ASY,WB
31786,2019SP,OL,ASY,IN
31787,2019SP,MC,SYN,TR
31788,2019SP,MC,SYN,TR
31789,2019SP,MC,SYN,TR
31790,2019SP,MC,SYN,TR
31791,2019SP,OL,ASY,IN
31792,2019SP,MC,ASY,WB
31793,2019SP,MC,ASY,WB
31794,2019SP,OL,ASY,IN
31795,2019SP,OL,ASY,IN
31796,2019SP,MC,SYN,TR
31797,2019SP,MC,SYN,TR
31798,2019SP,MC,SYN,TR
31800,2019SP,MC,SYN,TR
31801,2019SP,MC,SYN,TR
31802,2019SP,OL,ASY,IN
31803,2019SP,MC,SYN,TR
31805,2019SP,OL,ASY,IN
31806,2019SP,MC,SYN,TR
31807,2019SP,MC,SYN,TR
31808,2019SP,MC,SYN,TR
31810,2019SP,OL,ASY,IN
31811,2019SP,OL,ASY,IN
31813,2019SP,MC,SYN,TR
31814,2019SP,MC,SYN,TR
31816,2019SP,MC,SYN,TR
31817,2019SP,OL,ASY,IN
31818,2019SP,MC,SYN,TR
31819,2019SP,MC,SYN,TR
31820,2019SP,MC,SYN,TR
31822,2019SP,MC,SYN,TR
31917,2019SP,OL,ASY,IN
31919,2019SP,MC,SYN,TR
31920,2019SP,MC,SYN,TR
31921,2019SP,MC,SYN,TR
31922,2019SP,MC,SYN,TR
31923,2019SP,MC,SYN,TR
31924,2019SP,MC,SYN,TR
31925,2019SP,MC,SYN,TR
31926,2019SP,MC,SYN,TR
31927,2019SP,MC,SYN,TR
31928,2019SP,OL,ASY,IN
31929,2019SP,MC,SYN,TR
31930,2019SP,MC,SYN,TR
31931,2019SP,MC,SYN,TR
31932,2019SP,MC,SYN,TR
31933,2019SP,MC,SYN,TR
31934,2019SP,MC,SYN,TR
31935,2019SP,MC,ASY,WB
31937,2019SP,MC,SYN,TR
31938,2019SP,MC,SYN,TR
31939,2019SP,MC,SYN,TR
31940,2019SP,MC,SYN,TR
31941,2019SP,MC,SYN,TR
31942,2018FA,OC,SYN,TR
31943,2019SP,OL,ASY,IN
31944,2019SP,OL,ASY,IN
31946,2019SP,OL,ASY,IN
31947,2019SP,OC,SYN,TR
31948,2019SP,MC,SYN,TR
31949,2019SP,MC,SYN,TR
31950,2019SP,MC,SYN,TR
31953,2019SP,MC,SYN,TR
31954,2019SP,OC,SYN,TR
31955,2019SP,OC,SYN,TR
31956,2019SP,OC,SYN,TR
31957,2019SP,OC,SYN,TR
31958,2019SP,OC,SYN,TR
31960,2019SP,OC,SYN,TR
31961,2019SP,MC,SYN,TR
31962,2019SP,OC,SYN,TR
31963,2019SP,OC,SYN,TR
31964,2019SP,OC,SYN,TR
31965,2019SP,OC,SYN,TR
31966,2019SP,OC,SYN,TR
31967,2019SP,OC,SYN,TR
31968,2019SP,OL,ASY,IN
31969,2019SP,OL,ASY,IN
31970,2019SP,HTC,SYN,TR
31971,2019SP,HTC,SYN,TR
31972,2019SP,MC,SYN,TR
31973,2019SP,MC,SYN,TR
31975,2019SP,MC,SYN,TR
31976,2019SP,MC,SYN,TR
31978,2019SP,MC,SYN,TR
31979,2019SP,MC,SYN,TR
31980,2019SP,MC,SYN,TR
31981,2019SP,OC,SYN,TR
31982,2019SP,MC,SYN,TR
31983,2019SP,OL,SYN,IN
31985,2019SP,MC,SYN,TR
31986,2019SP,MC,SYN,TR
31987,2019SP,,SYN,TR
31988,2019SP,OL,ASY,IN
31989,2019SP,OL,ASY,IN
31990,2019SP,MC,SYN,TR
31991,2019SP,OL,ASY,IN
31994,2019SP,MC,SYN,TR
31995,2019SP,OL,ASY,IN
31996,2019SP,MC,SYN,TR
31997,2019SP,OL,ASY,IN
31999,2019SP,OL,ASY,IN
32001,2019SP,OL,ASY,IN
32002,2019SP,MC,SYN,TR
32005,2019SP,OL,ASY,IN
32006,2019SP,MC,SYN,TR
32007,2019SP,MC,SYN,TR
32008,2019SP,MC,SYN,TR
32009,2019SP,OL,SYN,IN
32010,2019SP,MC,SYN,TR
32011,2019SP,MC,SYN,TR
32012,2019SP,HTC,SYN,TR
32013,2019SP,MC,SYN,TR
32014,2019SP,MC,SYN,TR
32015,2019SP,MC,SYN,TR
32025,2019SP,MC,SYN,TR
32026,2019SP,MC,SYN,TR
32027,2019SP,MC,SYN,TR
32028,2019SP,MC,SYN,TR
32029,2019SP,OL,ASY,IN
32030,2019SP,OL,ASY,IN
32031,2019SP,OL,ASY,IN
32032,2019SP,MC,SYN,TR
32033,2019SP,MC,SYN,TR
32034,2019SP,MC,SYN,TR
32035,2019SP,MC,SYN,TR
32036,2019SP,MC,SYN,TR
32037,2019SP,MC,SYN,TR
32038,2019SP,MC,SYN,TR
32039,2019SP,OL,ASY,IN
32040,2019SP,OL,ASY,IN
32041,2019SP,MC,SYN,TR
32042,2019SP,MC,SYN,TR
32044,2019SP,MC,SYN,TR
32045,2019SP,OL,SYN,IN
32046,2019SP,MC,SYN,TR
32047,2019SP,MC,SYN,TR
32048,2019SP,MC,SYN,TR
32049,2019SP,MC,SYN,TR
32050,2019SP,MC,SYN,TR
32051,2019SP,MC,SYN,TR
32052,2019SP,MC,SYN,TR
32053,2019SP,OL,ASY,IN
32054,2019SP,MC,ASY,WB
32055,2019SP,OL,ASY,IN
32056,2019SP,MC,ASY,WB
32057,2019SP,MC,ASY,WB
32058,2019SP,OL,ASY,IN
32060,2019SP,MC,ASY,WB
32061,2019SP,MC,ASY,WB
32062,2019SP,MC,ASY,WB
32063,2019SP,MC,SYN,TR
32064,2019SP,OL,ASY,IN
32065,2019SP,MC,SYN,TR
32066,2019SP,MC,SYN,TR
32067,2019SP,MC,SYN,TR
32068,2019SP,OL,ASY,IN
32069,2019SP,MC,ASY,WB
32070,2019SP,MC,SYN,TR
32071,2019SP,MC,ASY,WB
32072,2019SP,MC,SYN,TR
32073,2019SP,OL,ASY,IN
32074,2019SP,MC,SYN,TR
32075,2019SP,OL,ASY,IN
32076,2019SP,MC,SYN,TR
32077,2019SP,MC,SYN,TR
32078,2019SP,OL,ASY,IN
32079,2019SP,HTC,SYN,TR
32080,2019SP,MC,SYN,TR
32081,2019SP,MC,SYN,TR
32083,2019SP,MC,SYN,TR
32084,2019SP,MC,SYN,TR
32085,2019SP,MC,SYN,TR
32088,2019SP,MC,SYN,TR
32090,2019SP,MC,SYN,TR
32091,2019SP,MC,SYN,TR
32094,2019SP,MC,SYN,TR
32098,2019SP,MC,ASY,WB
32101,2019SP,MC,SYN,TR
32102,2019SP,MC,ASY,WB
32108,2019SP,MC,SYN,TR
32110,2019SP,MC,SYN,TR
32111,2019SP,MC,SYN,TR
32112,2019SP,MC,SYN,TR
32113,2019SP,MC,SYN,TR
32114,2019SP,MC,SYN,TR
32115,2019SP,MC,SYN,TR
32116,2019SP,MC,SYN,TR
32117,2019SP,MC,SYN,TR
32118,2019SP,MC,SYN,TR
32122,2019SP,OC,SYN,TR
32124,2019SP,MC,SYN,TR
32125,2019SP,MC,SYN,TR
32126,2019SP,MC,SYN,TR
32127,2019SP,MC,ASY,BL
32128,2019SP,HS,ASY,WB
32129,2019SP,HS,ASY,WB
32130,2019SP,HS,ASY,WB
32131,2019SP,HS,ASY,WB
32132,2019SP,MC,ASY,WB
32134,2019SP,HS,SYN,TR
32135,2019SP,HS,SYN,TR
32136,2019SP,MC,SYN,TR
32137,2019SP,MC,SYN,TR
32138,2019SP,MC,SYN,TR
32139,2019SP,OC,ASY,WB
32140,2019SP,HS,ASY,WB
32141,2019SP,MC,ASY,WB
32142,2019SP,OL,ASY,IN
32143,2019SP,MC,ASY,WB
32145,2019SP,OL,ASY,IN
32146,2019SP,MC,ASY,WB
32147,2019SP,OL,ASY,IN
32148,2019SP,OL,ASY,IN
32149,2019SP,MC,ASY,WB
32150,2019SP,OL,ASY,IN
32151,2019SP,OL,ASY,IN
32154,2019SP,MC,SYN,TR
32155,2019SP,MC,SYN,TR
32156,2019SP,MC,SYN,TR
32157,2019SP,MC,SYN,TR
32158,2019SP,MC,SYN,TR
32159,2019SP,MC,SYN,TR
32160,2019SP,OL,ASY,IN
32161,2019SP,MC,SYN,TR
32162,2019SP,MC,SYN,TR
32163,2019SP,MC,SYN,TR
32164,2019SP,MC,SYN,TR
32165,2019SP,MC,SYN,TR
32166,2019SP,MC,SYN,TR
32168,2019SP,MC,SYN,TR
32169,2019SP,MC,SYN,TR
32170,2019SP,MC,SYN,TR
32171,2019SP,MC,SYN,TR
32172,2019SP,OL,SYN,IN
32173,2019SP,MC,SYN,TR
32174,2019SP,MC,SYN,TR
32175,2019SP,MC,SYN,TR
32176,2019SP,MC,SYN,TR
32177,2019SP,MC,SYN,TR
32178,2019SP,MC,SYN,TR
32179,2019SP,MC,SYN,TR
32181,2019SP,MC,SYN,TR
32182,2019SP,MC,SYN,TR
32183,2019SP,MC,SYN,TR
32184,2019SP,MC,SYN,TR
32185,2019SP,MC,SYN,TR
32186,2019SP,MC,SYN,TR
32187,2019SP,MC,SYN,TR
32193,2019SP,HTC,SYN,TR
32194,2019SP,HTC,SYN,TR
32196,2019SP,HTC,SYN,TR
32197,2019SP,HTC,SYN,TR
32198,2019SP,HTC,SYN,TR
32199,2019SP,MC,SYN,TR
32200,2019SP,MC,SYN,TR
32201,2019SP,MC,SYN,TR
32203,2019SP,HTC,SYN,TR
32204,2019SP,HTC,SYN,TR
32205,2019SP,HTC,SYN,TR
32206,2019SP,HTC,SYN,TR
32207,2019SP,HTC,SYN,TR
32208,2019SP,HTC,SYN,TR
32211,2019SP,HTC,SYN,TR
32212,2019SP,OL,ASY,IN
32213,2019SP,OL,ASY,IN
32214,2019SP,OL,ASY,IN
32215,2019SP,HTC,SYN,TR
32216,2019SP,HTC,SYN,TR
32217,2019SP,HTC,SYN,TR
32218,2019SP,MC,ASY,WB
32219,2019SP,HTC,ASY,WB
32222,2019SP,HTC,ASY,WB
32223,2019SP,HTC,SYN,TR
32231,2019SP,OL,ASY,IN
32234,2019SP,MC,ASY,WB
32259,2019SP,OL,ASY,IN
32267,2019SP,OL,ASY,IN
32270,2019SP,OL,ASY,IN
32272,2019SP,MC,ASY,WB
32310,2019SP,OL,ASY,IN
32317,2018FA,OL,ASY,IN
32345,2019SP,OC,SYN,TR
32346,2019SP,OL,ASY,IN
32347,2019SP,OL,ASY,IN
32377,2019SP,OL,SYN,IN
32380,2019SP,OL,ASY,IN
32381,2019SP,OL,ASY,IN
32382,2019SP,OL,ASY,IN
32391,2019SP,OL,ASY,IN
32403,2019SP,HTC,SYN,TR
32404,2019SP,HTC,SYN,TR
32405,2019SP,HTC,SYN,TR
32406,2019SP,HTC,SYN,TR
32408,2019SP,HTC,SYN,TR
32410,2019SP,OL,ASY,IN
32411,2019SP,MC,ASY,WB
32412,2019SP,MC,SYN,TR
32418,2019SP,MC,ASY,WB
32419,2019SP,MC,ASY,WB
32446,2019SP,OL,ASY,IN
32453,2019SP,OC,SYN,TR
32459,2019SP,MC,SYN,TR
32575,2019SP,OL,ASY,IN
32580,2019SP,OC,SYN,TR
32583,2019SP,OL,ASY,IN
32614,2019SP,OL,ASY,IN
32679,2019SU,OL,ASY,IN
32680,2019SU,OL,ASY,IN
32681,2019SU,MC,SYN,TR
32682,2019SU,OL,ASY,IN
32683,2019SU,MC,ASY,WB
32684,2019SU,OL,ASY,IN
32685,2019SU,MC,ASY,WB
32686,2019SU,OL,ASY,IN
32687,2019SU,OL,ASY,IN
32688,2019SU,OL,ASY,IN
32689,2019SU,MC,SYN,TR
32690,2019SU,OL,ASY,IN
32691,2019SU,MC,ASY,WB
32692,2019SU,OL,ASY,IN
32693,2019SU,OL,ASY,IN
32694,2019SU,OL,ASY,IN
32695,2019SU,MC,SYN,TR
32696,2019SU,OL,SYN,IN
32697,2019SU,MC,SYN,TR
32698,2019SU,OL,ASY,IN
32699,2019SU,OL,ASY,IN
32700,2019SU,OL,ASY,IN
32701,2019SU,MC,SYN,TR
32702,2019SU,MC,SYN,TR
32703,2019SU,MC,SYN,TR
32704,2019SU,MC,SYN,TR
32705,2019SU,MC,SYN,TR
32706,2019SU,MC,SYN,TR
32707,2019SU,MC,SYN,TR
32708,2019SU,MC,SYN,TR
32709,2019SU,MC,SYN,TR
32710,2019SU,OL,ASY,IN
32711,2019SU,OL,ASY,IN
32712,2019SU,OL,ASY,IN
32713,2019SU,OL,ASY,IN
32714,2019SU,OL,ASY,IN
32715,2019SU,OL,ASY,IN
32716,2019SU,OL,ASY,IN
32719,2019SU,OL,ASY,IN
32721,2019SU,OL,ASY,IN
32722,2019SU,MC,ASY,HY
32723,2019SU,MC,ASY,HY
32725,2019SU,OL,ASY,IN
32728,2019SU,OL,ASY,IN
32729,2019SU,OL,ASY,IN
32730,2019SU,OL,ASY,IN
32731,2019SU,OL,ASY,IN
32732,2019SU,OL,ASY,IN
32734,2019SU,OL,ASY,IN
32736,2019SU,OL,ASY,IN
32737,2019SU,HTC,SYN,TR
32738,2019SU,HTC,SYN,TR
32739,2019SU,MC,SYN,TR
32740,2019SU,MC,SYN,TR
32741,2019SU,MC,SYN,TR
32742,2019SU,MC,SYN,TR
32743,2019SU,MC,SYN,TR
32744,2019SU,MC,SYN,TR
32745,2019SU,MC,SYN,TR
32746,2019SU,MC,SYN,TR
32747,2019SU,OL,ASY,IN
32748,2019SU,OL,ASY,IN
32749,2019SU,OL,ASY,IN
32750,2019SU,OL,ASY,IN
32751,2019SU,OL,ASY,IN
32752,2019SU,OL,ASY,IN
32754,2019SU,OL,ASY,IN
32755,2019SU,MC,SYN,TR
32756,2019SU,MC,SYN,TR
32757,2019SU,MC,SYN,TR
32758,2019SU,MC,SYN,TR
32776,2019FA,MC,SYN,TR
32777,2019FA,MC,SYN,TR
32778,2019FA,MC,SYN,TR
32779,2019FA,MC,SYN,TR
32780,2019FA,MC,SYN,TR
32781,2019FA,MC,SYN,TR
32782,2019FA,MC,SYN,TR
32783,2019FA,OL,ASY,IN
32784,2019FA,MC,SYN,TR
32785,2019FA,OL,ASY,IN
32786,2019FA,OL,ASY,IN
32787,2019FA,OL,ASY,IN
32788,2019FA,MC,SYN,TR
32789,2019FA,MC,SYN,TR
32790,2019FA,OL,ASY,IN
32791,2019FA,OL,ASY,IN
32792,2019FA,OL,ASY,IN
32793,2019FA,OL,ASY,IN
32794,2019FA,OL,ASY,IN
32795,2019FA,OL,ASY,IN
32796,2019FA,OL,ASY,IN
32797,2019FA,OL,ASY,IN
32798,2019FA,MC,SYN,TR
32799,2019FA,MC,ASY,HY
32801,2019FA,OL,ASY,IN
32802,2019FA,OL,ASY,IN
32803,2019FA,OL,ASY,IN
32804,2019FA,OL,ASY,IN
32805,2019FA,OL,ASY,IN
32807,2019FA,OL,ASY,IN
32808,2019FA,OL,ASY,IN
32809,2019FA,OL,ASY,IN
32810,2019FA,OL,ASY,IN
32811,2019FA,MC,ASY,BL
32812,2019FA,MC,ASY,BL
32813,2019FA,MC,ASY,BL
32814,2019FA,MC,ASY,BL
32815,2019FA,MC,ASY,BL
32817,2019FA,MC,ASY,BL
32818,2019FA,OL,ASY,IN
32819,2019FA,OL,ASY,IN
32820,2019FA,MC,ASY,BL
32821,2019FA,MC,ASY,BL
32822,2019FA,MC,ASY,BL
32827,2019FA,OL,ASY,IN
32828,2019FA,OL,ASY,IN
32829,2019FA,OL,ASY,IN
32830,2019FA,OL,ASY,IN
32831,2019FA,MC,SYN,TR
32832,2019FA,MC,SYN,TR
32833,2019FA,OL,ASY,IN
32834,2019FA,OL,ASY,IN
32836,2019FA,OL,ASY,IN
32837,2019FA,MC,SYN,TR
32838,2019FA,OL,ASY,IN
32839,2019FA,MC,SYN,TR
32840,2019FA,OL,ASY,IN
32841,2019FA,MC,SYN,TR
32842,2019FA,OL,ASY,IN
32844,2019FA,OL,ASY,IN
32845,2019FA,MC,SYN,TR
32846,2019FA,MC,SYN,TR
32847,2019FA,OL,ASY,IN
32849,2019FA,MC,SYN,TR
32850,2019FA,MC,SYN,TR
32851,2019FA,MC,SYN,TR
32852,2019FA,MC,SYN,TR
32853,2019FA,MC,SYN,TR
32854,2019FA,MC,SYN,TR
32857,2019FA,OL,ASY,IN
32858,2019FA,OL,ASY,IN
32860,2019FA,OL,ASY,IN
32862,2019FA,OL,ASY,IN
32863,2019FA,OL,ASY,IN
32864,2019FA,OL,ASY,IN
32865,2019FA,OL,ASY,IN
32866,2019FA,OL,ASY,IN
32867,2019FA,OL,ASY,IN
32868,2019FA,OL,ASY,IN
32869,2019FA,OL,ASY,IN
32870,2019FA,OL,ASY,IN
32871,2019FA,OL,ASY,IN
32872,2019FA,OL,ASY,IN
32873,2019FA,OL,ASY,IN
32874,2019FA,OL,ASY,IN
32875,2019FA,OL,ASY,IN
32876,2019FA,OL,ASY,IN
32877,2019FA,OL,ASY,IN
32878,2019FA,OL,ASY,IN
32879,2020SP,OL,ASY,IN
32880,2019FA,OL,ASY,IN
32881,2019FA,OL,ASY,IN
32882,2019FA,MC,SYN,TR
32883,2019FA,MC,SYN,TR
32884,2019FA,OL,ASY,IN
32885,2019FA,MC,SYN,TR
32886,2019FA,OL,ASY,IN
32887,2019FA,MC,SYN,TR
32888,2019FA,OL,ASY,IN
32889,2019FA,MC,SYN,TR
32890,2019FA,MC,SYN,TR
32891,2019FA,OL,ASY,IN
32892,2019FA,MC,SYN,TR
32893,2019FA,OL,ASY,IN
32895,2019FA,OL,ASY,IN
32896,2019FA,MC,ASY,BL
32897,2019FA,OL,ASY,IN
32898,2019FA,OC,SYN,TR
32899,2019FA,MC,SYN,TR
32900,2019FA,MC,SYN,TR
32901,2019FA,MC,SYN,TR
32902,2019FA,MC,SYN,TR
32903,2019FA,OL,ASY,IN
32904,2019FA,MC,SYN,TR
32905,2019FA,MC,SYN,TR
32906,2019FA,MC,SYN,TR
32907,2019FA,MC,SYN,TR
32908,2019FA,MC,SYN,TR
32909,2019FA,OL,ASY,IN
32910,2019FA,OL,ASY,IN
32911,2019FA,OL,ASY,IN
32912,2019FA,MC,SYN,TR
32913,2019FA,OL,ASY,IN
32914,2019FA,MC,SYN,TR
32915,2019FA,OL,ASY,IN
32916,2019FA,OL,ASY,IN
32917,2019FA,OL,ASY,IN
32918,2019FA,OL,ASY,IN
32919,2019FA,MC,SYN,TR
32920,2019FA,MC,SYN,TR
32921,2019FA,OL,ASY,IN
32922,2019FA,MC,SYN,TR
32923,2019FA,OL,ASY,IN
32924,2019FA,OL,ASY,IN
32925,2019FA,MC,SYN,TR
32926,2019FA,MC,SYN,TR
32927,2019FA,HTC,SYN,TR
32929,2019FA,MC,SYN,TR
32930,2019FA,MC,SYN,TR
32931,2019FA,MC,SYN,TR
32932,2019FA,MC,SYN,TR
32933,2019FA,MC,SYN,TR
32934,2019FA,MC,SYN,TR
32935,2019FA,MC,SYN,TR
32936,2019FA,MC,SYN,TR
32937,2019FA,MC,SYN,TR
32938,2019FA,OL,ASY,IN
32939,2019FA,OL,ASY,IN
32940,2019FA,OL,ASY,IN
32941,2019FA,MC,SYN,TR
32942,2019FA,MC,SYN,TR
32943,2019FA,MC,SYN,TR
32944,2019FA,MC,SYN,TR
32945,2019FA,OL,ASY,IN
32946,2019FA,OL,ASY,IN
32947,2019FA,MC,SYN,TR
32948,2019FA,MC,SYN,TR
32949,2019FA,OL,ASY,IN
32950,2019FA,MC,ASY,HY
32951,2019FA,MC,SYN,TR
32952,2019FA,MC,SYN,TR
32953,2019FA,MC,SYN,TR
32954,2019FA,MC,SYN,TR
32955,2019FA,MC,SYN,TR
32956,2019FA,MC,SYN,TR
32957,2019FA,MC,SYN,TR
32958,2019FA,OL,ASY,IN
32960,2019FA,MC,SYN,TR
32966,2019FA,MC,SYN,TR
32967,2019FA,MC,SYN,TR
32968,2019FA,OL,ASY,IN
32969,2019FA,MC,SYN,TR
32972,2019FA,MC,SYN,TR
32973,2019FA,MC,SYN,TR
32974,2019FA,MC,SYN,TR
32975,2019FA,MC,SYN,TR
32976,2019FA,MC,SYN,TR
32977,2019FA,MC,SYN,TR
32978,2019FA,MC,SYN,TR
32979,2019FA,MC,SYN,TR
32980,2019FA,OL,ASY,IN
32981,2019FA,OL,ASY,IN
32982,2019FA,MC,SYN,TR
32983,2019FA,MC,SYN,TR
32985,2019FA,MC,SYN,TR
32986,2019FA,MC,SYN,TR
32987,2019FA,MC,SYN,TR
32988,2019FA,MC,SYN,TR
32989,2019FA,MC,SYN,TR
32990,2019FA,OL,ASY,IN
32991,2019FA,OL,ASY,IN
32992,2019FA,MC,ASY,HY
32996,2019FA,MC,SYN,TR
32997,2019FA,MC,SYN,TR
32998,2019FA,MC,SYN,TR
32999,2019FA,OL,ASY,IN
33000,2019FA,MC,SYN,TR
33001,2019FA,MC,SYN,TR
33003,2019FA,MC,SYN,TR
33004,2019FA,MC,SYN,TR
33005,2019FA,MC,SYN,TR
33007,2019FA,OL,ASY,IN
33008,2019FA,MC,SYN,TR
33009,2019FA,MC,SYN,TR
33011,2019FA,MC,SYN,TR
33012,2019FA,MC,SYN,TR
33013,2019FA,OL,ASY,IN
33014,2019FA,HTC,ASY,BL
33015,2019FA,MC,ASY,BL
33016,2019FA,MC,ASY,BL
33017,2019FA,OL,ASY,IN
33018,2019FA,MC,ASY,BL
33019,2019FA,OL,ASY,IN
33020,2019FA,OL,ASY,IN
33021,2019FA,MC,SYN,TR
33022,2019FA,MC,SYN,TR
33024,2019FA,MC,SYN,TR
33025,2019FA,MC,ASY,BL
33026,2019FA,MC,SYN,TR
33029,2019FA,MC,SYN,TR
33031,2019FA,MC,SYN,TR
33032,2019FA,OL,ASY,IN
33034,2019FA,MC,SYN,TR
33035,2019FA,MC,SYN,TR
33036,2019FA,MC,SYN,TR
33037,2019FA,MC,SYN,TR
33038,2019FA,MC,SYN,TR
33039,2019FA,MC,SYN,TR
33040,2019FA,MC,SYN,TR
33041,2019FA,MC,SYN,TR
33042,2019FA,MC,SYN,TR
33043,2019FA,MC,SYN,TR
33044,2019FA,MC,SYN,TR
33045,2019FA,MC,SYN,TR
33046,2019FA,MC,SYN,TR
33047,2019FA,MC,SYN,TR
33049,2019FA,MC,SYN,TR
33050,2019FA,MC,SYN,TR
33051,2019FA,MC,SYN,TR
33052,2019FA,MC,SYN,TR
33055,2019FA,MC,SYN,TR
33056,2019FA,MC,SYN,TR
33057,2019FA,MC,SYN,TR
33058,2019FA,MC,ASY,BL
33059,2019FA,MC,ASY,BL
33060,2019FA,OL,ASY,IN
33061,2019FA,MC,ASY,BL
33063,2019FA,OL,ASY,IN
33064,2019FA,MC,ASY,BL
33065,2019FA,OL,ASY,IN
33066,2019FA,MC,ASY,BL
33067,2019FA,MC,ASY,BL
33069,2019FA,OL,ASY,IN
33070,2019FA,OL,ASY,IN
33071,2019FA,MC,ASY,BL
33072,2019FA,MC,ASY,BL
33073,2019FA,MC,ASY,BL
33075,2019FA,OL,ASY,IN
33076,2019FA,MC,ASY,BL
33078,2019FA,MC,ASY,BL
33079,2019FA,MC,SYN,TR
33080,2019FA,MC,SYN,TR
33081,2019FA,MC,SYN,TR
33082,2019FA,MC,SYN,TR
33083,2019FA,MC,ASY,HY
33084,2019FA,MC,SYN,TR
33085,2019FA,MC,SYN,TR
33086,2019FA,MC,SYN,TR
33087,2019FA,MC,SYN,TR
33088,2019FA,MC,SYN,TR
33089,2019FA,MC,SYN,TR
33090,2019FA,MC,SYN,TR
33091,2019FA,MC,SYN,TR
33092,2019FA,MC,SYN,TR
33093,2019FA,MC,SYN,TR
33094,2019FA,MC,SYN,TR
33095,2019FA,MC,SYN,TR
33096,2019FA,MC,SYN,TR
33097,2019FA,MC,SYN,TR
33098,2019FA,MC,SYN,TR
33099,2019FA,OL,ASY,IN
33100,2019FA,MC,SYN,TR
33102,2019FA,MC,SYN,TR
33103,2019FA,MC,SYN,TR
33104,2019FA,MC,SYN,TR
33105,2019FA,MC,SYN,TR
33106,2019FA,MC,SYN,TR
33107,2019FA,OL,ASY,IN
33108,2019FA,MC,SYN,TR
33109,2019FA,MC,SYN,TR
33110,2019FA,OL,ASY,IN
33111,2019FA,MC,SYN,TR
33112,2019FA,OL,ASY,IN
33114,2019FA,OL,ASY,IN
33115,2019FA,HTC,SYN,TR
33117,2019FA,HTC,SYN,TR
33119,2019FA,HTC,SYN,TR
33120,2019FA,OL,ASY,IN
33121,2019FA,OL,ASY,IN
33122,2019FA,HTC,SYN,TR
33123,2019FA,HTC,SYN,TR
33124,2019FA,HTC,SYN,TR
33125,2019FA,HTC,SYN,TR
33126,2019FA,HTC,SYN,TR
33127,2019FA,HTC,SYN,TR
33128,2019FA,HTC,SYN,TR
33129,2019FA,HTC,SYN,TR
33130,2019FA,MC,SYN,TR
33131,2019FA,HTC,ASY,BL
33132,2019FA,HTC,SYN,TR
33133,2019FA,HTC,ASY,BL
33134,2019FA,HTC,ASY,BL
33135,2019FA,HTC,ASY,BL
33136,2019FA,HTC,ASY,BL
33137,2019FA,HTC,SYN,TR
33138,2019FA,HTC,SYN,TR
33139,2019FA,HTC,SYN,TR
33140,2019FA,MC,SYN,TR
33141,2019FA,MC,SYN,TR
33142,2019FA,HTC,SYN,TR
33143,2019FA,MC,SYN,TR
33144,2019FA,HTC,SYN,TR
33145,2019FA,HTC,SYN,TR
33146,2019FA,MC,SYN,TR
33148,2019FA,MC,SYN,TR
33149,2019FA,MC,ASY,BL
33150,2019FA,MC,SYN,TR
33151,2019FA,MC,SYN,TR
33152,2019FA,MC,SYN,TR
33153,2019FA,MC,SYN,TR
33154,2019FA,MC,SYN,TR
33155,2019FA,MC,SYN,TR
33156,2019FA,MC,SYN,TR
33157,2019FA,MC,SYN,TR
33158,2019FA,MC,SYN,TR
33159,2019FA,MC,SYN,TR
33160,2019FA,MC,SYN,TR
33161,2019FA,MC,SYN,TR
33162,2019FA,MC,ASY,BL
33163,2019FA,MC,SYN,TR
33164,2019FA,MC,SYN,TR
33165,2019FA,MC,SYN,TR
33166,2019FA,MC,ASY,BL
33169,2019FA,MC,SYN,TR
33175,2019FA,MC,ASY,BL
33176,2019FA,MC,SYN,TR
33177,2019FA,MC,SYN,TR
33202,2019FA,MC,ASY,BL
33203,2019FA,MC,SYN,TR
33214,2019FA,MC,SYN,TR
33215,2019FA,HS,ASY,BL
33216,2019FA,HS,ASY,BL
33219,2019FA,HS,SYN,TR
33220,2019FA,HS,SYN,TR
33221,2019FA,HS,ASY,BL
33222,2019FA,HS,ASY,BL
33259,2019FA,HTC,ASY,HY
33260,2019FA,OC,ASY,BL
33305,2019SU,OL,ASY,IN
33331,2019SU,OL,ASY,IN
33334,2019FA,MC,SYN,TR
33335,2019SU,MC,SYN,TR
33336,2019SU,OC,SYN,TR
33337,2019SU,OC,SYN,TR
33338,2019SU,MC,SYN,TR
33339,2019SU,OC,SYN,TR
33340,2019SU,OC,SYN,TR
33341,2019SU,OC,SYN,TR
33342,2019SU,OC,SYN,TR
33343,2019FA,OL,ASY,IN
33350,2019FA,OL,ASY,IN
33366,2019FA,MC,SYN,TR
33367,2019FA,MC,SYN,TR
33368,2019FA,MC,SYN,TR
33369,2019FA,OC,SYN,TR
33370,2019FA,OC,SYN,TR
33371,2019FA,OC,SYN,TR
33373,2019FA,OC,SYN,TR
33374,2019FA,OC,SYN,TR
33375,2019FA,OC,SYN,TR
33376,2019FA,OC,SYN,TR
33377,2019FA,OC,SYN,TR
33401,2019SU,OL,ASY,IN
33472,2019SU,OC,ASY,IN
33599,2019FA,OL,ASY,IN
33602,2019FA,OL,ASY,IN
33620,2019FA,OL,ASY,IN
33628,2019FA,OL,ASY,IN
33629,2019FA,OL,ASY,IN
33631,2019FA,HTC,SYN,TR
33632,2019FA,OC,SYN,TR
33633,2019FA,HTC,SYN,TR
33678,2019FA,OL,ASY,IN
33692,2019FA,OL,ASY,IN
33693,2019FA,OL,ASY,IN
33696,2019FA,OL,ASY,IN
33707,2019FA,OC,SYN,TR
33714,2019FA,OC,SYN,TR
33715,2019FA,OC,SYN,TR
33716,2019FA,OC,SYN,TR
33717,2019FA,OC,SYN,TR
33718,2019FA,OC,SYN,TR
33719,2019FA,OC,SYN,TR
33720,2019FA,OC,SYN,TR
33721,2019FA,OC,SYN,TR
33722,2019FA,OC,SYN,TR
33723,2019FA,OC,SYN,TR
33727,2019FA,OC,SYN,TR
33728,2019FA,OC,SYN,TR
33729,2019FA,OC,SYN,TR
33730,2019FA,OC,SYN,TR
33731,2019FA,OC,ASY,IN
33732,2019FA,OL,ASY,IN
33762,2019FA,OL,ASY,IN
33871,2020SP,MC,SYN,TR
33872,2020SP,MC,SYN,TR
33874,2020SP,OL,ASY,IN
33875,2020SP,OL,ASY,IN
33876,2020SP,MC,SYN,TR
33877,2020SP,OL,ASY,IN
33878,2020SP,OL,ASY,IN
33881,2020SP,MC,SYN,TR
33882,2020SP,OL,ASY,IN
33883,2020SP,MC,SYN,TR
33885,2020SP,MC,SYN,TR
33886,2020SP,MC,SYN,TR
33887,2020SP,OL,ASY,IN
33888,2020SP,OL,ASY,IN
33889,2020SP,OL,ASY,IN
33891,2020SP,MC,SYN,TR
33892,2020SP,MC,SYN,TR
33893,2020SP,OL,ASY,IN
33894,2020SP,OL,ASY,IN
33895,2020SP,OL,ASY,IN
33896,2020SP,OL,ASY,IN
33897,2020SP,OL,ASY,IN
33899,2020SP,OL,ASY,IN
33900,2020SP,OL,ASY,IN
33901,2020SP,OL,ASY,IN
33902,2020SP,OL,ASY,IN
33904,2020SP,OL,ASY,IN
33905,2020SP,OL,ASY,IN
33907,2020SP,OL,ASY,IN
33909,2020SP,OL,ASY,IN
33910,2020SP,OL,ASY,IN
33912,2020SP,OL,ASY,IN
33914,2020SP,OL,ASY,IN
33915,2020SP,OL,ASY,IN
33917,2020SP,OL,ASY,IN
33919,2020SP,MC,SYN,TR
33920,2020SP,OL,ASY,IN
33922,2020SP,OL,ASY,IN
33923,2020SP,OL,ASY,IN
33924,2020SP,MC,ASY,BL
33925,2020SP,OL,ASY,IN
33926,2020SP,MC,ASY,BL
33927,2020SP,OC,SYN,TR
33928,2020SP,MC,SYN,TR
33929,2020SP,MC,SYN,TR
33930,2020SP,MC,SYN,TR
33931,2020SP,MC,SYN,TR
33932,2020SP,OC,SYN,TR
33933,2020SP,OC,SYN,TR
33935,2020SP,OC,SYN,TR
33936,2020SP,OC,SYN,TR
33937,2020SP,MC,SYN,TR
33938,2020SP,OC,SYN,TR
33939,2020SP,OC,SYN,TR
33940,2020SP,OC,SYN,TR
33941,2020SP,OC,SYN,TR
33942,2020SP,OL,ASY,IN
33943,2020SP,HTC,SYN,TR
33944,2020SP,MC,SYN,TR
33945,2020SP,MC,SYN,TR
33946,2020SP,MC,SYN,TR
33947,2020SP,MC,SYN,TR
33948,2020SP,MC,SYN,TR
33949,2020SP,MC,SYN,TR
33950,2020SP,MC,SYN,TR
33951,2020SP,MC,SYN,TR
33952,2020SP,MC,SYN,TR
33953,2020SP,OL,ASY,IN
33954,2020SP,OL,ASY,IN
33955,2020SP,OL,ASY,IN
33956,2020SP,OL,ASY,IN
33957,2020SP,OC,ASY,IN
33958,2020SP,OL,ASY,IN
33959,2020SP,OL,ASY,IN
33960,2020SP,OC,SYN,TR
33962,2020SP,MC,SYN,TR
33963,2020SP,MC,SYN,TR
33964,2020SP,OL,ASY,IN
33965,2020SP,OL,ASY,IN
33966,2020SP,OL,ASY,IN
33967,2020SP,OL,ASY,IN
33970,2020SP,MC,SYN,TR
33971,2020SP,HTC,SYN,TR
33972,2020SP,MC,SYN,TR
33973,2020SP,MC,ASY,BL
33974,2020SP,MC,SYN,TR
33976,2020SP,MC,ASY,BL
33978,2020SP,MC,SYN,TR
33979,2020SP,MC,SYN,TR
33981,2020SP,MC,SYN,TR
33982,2020SP,MC,SYN,TR
33983,2020SP,MC,SYN,TR
33984,2020SP,MC,SYN,TR
33985,2020SP,MC,ASY,BL
33986,2020SP,MC,ASY,BL
33987,2020SP,MC,SYN,TR
33988,2020SP,MC,ASY,BL
33989,2020SP,OL,ASY,IN
33990,2020SP,OL,ASY,IN
33991,2020SP,OL,ASY,IN
33992,2020SP,OL,ASY,IN
33995,2020SP,MC,SYN,TR
33996,2020SP,OL,ASY,IN
33998,2020SP,OL,ASY,IN
34000,2020SP,OL,ASY,IN
34001,2020SP,OL,ASY,IN
34002,2020SP,OL,ASY,IN
34003,2020SP,OL,ASY,IN
34004,2020SP,OL,ASY,IN
34005,2020SP,OL,ASY,IN
34006,2020SP,MC,SYN,TR
34007,2020SP,MC,SYN,TR
34008,2020SP,HTC,SYN,TR
34009,2020SP,MC,SYN,TR
34010,2020SP,HTC,SYN,TR
34011,2020SP,HTC,SYN,TR
34012,2020SP,HTC,ASY,BL
34013,2020SP,OL,ASY,IN
34014,2020SP,HTC,SYN,TR
34015,2020SP,OL,ASY,IN
34018,2020SP,OL,ASY,IN
34022,2020SP,MC,ASY,BL
34023,2020SP,MC,ASY,BL
34024,2020SP,OL,ASY,IN
34026,2020SP,MC,ASY,BL
34027,2020SP,MC,ASY,BL
34028,2020SP,OL,ASY,IN
34029,2020SP,OL,ASY,IN
34030,2020SP,MC,SYN,TR
34031,2020SP,MC,SYN,TR
34032,2020SP,MC,SYN,TR
34033,2020SP,OL,ASY,IN
34034,2020SP,MC,SYN,TR
34035,2020SP,MC,SYN,TR
34036,2020SP,MC,SYN,TR
34037,2020SP,MC,SYN,TR
34038,2020SP,MC,SYN,TR
34040,2020SP,MC,SYN,TR
34041,2020SP,MC,SYN,TR
34042,2020SP,OL,ASY,IN
34043,2020SP,OL,ASY,IN
34046,2020SP,MC,SYN,TR
34047,2020SP,OL,ASY,IN
34048,2020SP,MC,SYN,TR
34049,2020SP,MC,SYN,TR
34050,2020SP,MC,SYN,TR
34051,2020SP,MC,SYN,TR
34052,2020SP,MC,SYN,TR
34054,2020SP,MC,SYN,TR
34055,2020SP,MC,SYN,TR
34056,2020SP,MC,SYN,TR
34057,2020SP,MC,SYN,TR
34058,2020SP,OL,ASY,IN
34060,2020SP,MC,SYN,TR
34061,2020SP,MC,SYN,TR
34062,2020SP,MC,SYN,TR
34063,2020SP,MC,SYN,TR
34064,2020SP,MC,SYN,TR
34065,2020SP,MC,SYN,TR
34066,2020SP,,SYN,TR
34067,2020SP,MC,SYN,TR
34068,2020SP,OL,ASY,IN
34069,2020SP,MC,SYN,TR
34070,2020SP,OL,ASY,IN
34083,2020SP,HTC,SYN,TR
34084,2020SP,HTC,SYN,TR
34085,2020SP,HTC,SYN,TR
34086,2020SP,OL,ASY,IN
34087,2020SP,HTC,SYN,TR
34089,2020SP,HTC,SYN,TR
34090,2020SP,HTC,SYN,TR
34091,2020SP,HTC,SYN,TR
34092,2020SP,OL,ASY,IN
34093,2020SP,MC,SYN,TR
34094,2020SP,MC,SYN,TR
34095,2020SP,MC,SYN,TR
34096,2020SP,MC,SYN,TR
34097,2020SP,MC,SYN,TR
34098,2020SP,OL,ASY,IN
34099,2020SP,MC,SYN,TR
34100,2020SP,MC,SYN,TR
34101,2020SP,MC,SYN,TR
34102,2020SP,MC,SYN,TR
34103,2020SP,MC,SYN,TR
34104,2020SP,OL,ASY,IN
34106,2020SP,MC,SYN,TR
34107,2020SP,MC,SYN,TR
34109,2020SP,MC,SYN,TR
34110,2020SP,MC,SYN,TR
34111,2020SP,OL,ASY,IN
34112,2020SP,OL,ASY,IN
34113,2020SP,OL,ASY,IN
34114,2020SP,MC,SYN,TR
34115,2020SP,MC,SYN,TR
34116,2020SP,MC,ASY,BL
34117,2020SP,MC,SYN,TR
34118,2020SP,MC,SYN,TR
34119,2020SP,MC,SYN,TR
34120,2020SP,MC,SYN,TR
34121,2020SP,MC,SYN,TR
34122,2020SP,MC,SYN,TR
34123,2020SP,MC,SYN,TR
34124,2020SP,MC,SYN,TR
34126,2020SP,OL,ASY,IN
34127,2020SP,MC,SYN,TR
34128,2020SP,HTC,SYN,TR
34129,2020SP,MC,SYN,TR
34130,2020SP,MC,SYN,TR
34131,2020SP,MC,ASY,BL
34133,2020SP,MC,ASY,BL
34134,2020SP,OL,ASY,IN
34135,2020SP,OL,ASY,IN
34136,2020SP,MC,ASY,BL
34137,2020SP,OL,ASY,IN
34138,2020SP,OL,ASY,IN
34139,2020SP,MC,ASY,BL
34140,2020SP,OL,ASY,IN
34141,2020SP,OL,ASY,IN
34142,2020SP,MC,SYN,TR
34143,2020SP,MC,SYN,TR
34144,2020SP,MC,SYN,TR
34145,2020SP,MC,SYN,TR
34146,2020SP,MC,SYN,TR
34147,2020SP,OL,ASY,IN
34148,2020SP,OL,ASY,IN
34149,2020SP,OL,ASY,IN
34151,2020SP,MC,SYN,TR
34152,2020SP,MC,SYN,TR
34153,2020SP,MC,SYN,TR
34154,2020SP,MC,SYN,TR
34155,2020SP,MC,SYN,TR
34156,2020SP,MC,SYN,TR
34157,2020SP,MC,SYN,TR
34158,2020SP,OL,ASY,IN
34159,2020SP,OL,ASY,IN
34161,2020SP,MC,SYN,TR
34162,2020SP,MC,SYN,TR
34163,2020SP,MC,SYN,TR
34164,2020SP,OL,ASY,IN
34165,2020SP,MC,SYN,TR
34166,2020SP,OL,ASY,IN
34167,2020SP,MC,SYN,TR
34168,2020SP,MC,SYN,TR
34169,2020SP,MC,SYN,TR
34170,2020SP,MC,SYN,TR
34171,2020SP,MC,SYN,TR
34172,2020SP,MC,SYN,TR
34173,2020SP,MC,SYN,TR
34174,2020SP,MC,SYN,TR
34175,2020SP,MC,SYN,TR
34176,2020SP,MC,SYN,TR
34177,2020SP,OL,ASY,IN
34178,2020SP,MC,SYN,TR
34179,2020SP,MC,SYN,TR
34180,2020SP,MC,SYN,TR
34181,2020SP,MC,SYN,TR
34182,2020SP,MC,SYN,TR
34183,2020SP,MC,SYN,TR
34184,2020SP,MC,SYN,TR
34186,2020SP,MC,SYN,TR
34188,2020SP,MC,SYN,TR
34189,2020SP,MC,SYN,TR
34190,2020SP,MC,SYN,TR
34191,2020SP,MC,SYN,TR
34192,2020SP,MC,ASY,BL
34193,2020SP,MC,SYN,TR
34194,2020SP,OL,ASY,IN
34195,2020SP,MC,SYN,TR
34196,2020SP,MC,SYN,TR
34197,2020SP,MC,SYN,TR
34198,2020SP,OL,ASY,IN
34199,2020SP,OL,ASY,IN
34200,2020SP,MC,SYN,TR
34201,2020SP,MC,SYN,TR
34202,2020SP,MC,SYN,TR
34203,2020SP,MC,SYN,TR
34204,2020SP,MC,SYN,TR
34205,2020SP,MC,SYN,TR
34207,2020SP,MC,SYN,TR
34208,2020SP,MC,SYN,TR
34209,2020SP,MC,SYN,TR
34210,2020SP,MC,SYN,TR
34211,2020SP,MC,SYN,TR
34212,2020SP,MC,SYN,TR
34213,2020SP,MC,SYN,TR
34214,2020SP,MC,SYN,TR
34215,2020SP,MC,SYN,TR
34216,2020SP,MC,SYN,TR
34217,2020SP,MC,SYN,TR
34218,2020SP,MC,SYN,TR
34219,2020SP,MC,SYN,TR
34220,2020SP,MC,SYN,TR
34221,2020SP,MC,SYN,TR
34222,2020SP,MC,SYN,TR
34223,2020SP,OL,ASY,IN
34224,2020SP,MC,SYN,TR
34225,2020SP,OL,ASY,IN
34226,2020SP,MC,SYN,TR
34227,2020SP,OL,ASY,IN
34228,2020SP,MC,SYN,TR
34229,2020SP,MC,SYN,TR
34230,2020SP,OL,ASY,IN
34231,2020SP,MC,SYN,TR
34233,2020SP,MC,SYN,TR
34234,2020SP,MC,SYN,TR
34236,2020SP,MC,ASY,BL
34237,2020SP,OL,ASY,IN
34238,2020SP,OL,ASY,IN
34239,2020SP,MC,SYN,TR
34240,2020SP,OL,ASY,IN
34241,2020SP,OL,ASY,IN
34243,2020SP,MC,ASY,BL
34244,2020SP,MC,ASY,BL
34245,2020SP,MC,SYN,TR
34246,2020SP,OL,ASY,IN
34247,2020SP,MC,SYN,TR
34248,2020SP,MC,SYN,TR
34249,2020SP,MC,SYN,TR
34250,2020SP,OL,ASY,IN
34251,2020SP,MC,SYN,TR
34252,2020SP,MC,SYN,TR
34253,2020SP,MC,SYN,TR
34254,2020SP,OL,ASY,IN
34256,2020SP,OL,ASY,IN
34257,2020SP,OL,ASY,IN
34258,2020SP,MC,SYN,TR
34259,2020SP,OL,ASY,IN
34260,2020SP,OL,ASY,IN
34261,2020SP,HTC,SYN,TR
34263,2020SP,OL,ASY,IN
34264,2020SP,MC,ASY,BL
34265,2020SP,MC,ASY,BL
34266,2020SP,OL,ASY,IN
34267,2020SP,MC,ASY,BL
34268,2020SP,MC,ASY,BL
34269,2020SP,OL,ASY,IN
34274,2020SP,MC,SYN,TR
34281,2020SP,HTC,SYN,TR
34285,2020SP,HTC,ASY,BL
34287,2020SP,HTC,ASY,BL
34288,2020SP,HTC,SYN,TR
34290,2020SP,HTC,SYN,TR
34296,2020SP,HTC,SYN,TR
34297,2020SP,HTC,SYN,TR
34298,2020SP,HTC,SYN,TR
34302,2020SP,HS,ASY,BL
34303,2020SP,HS,SYN,TR
34304,2020SP,HS,ASY,BL
34305,2020SP,HS,ASY,BL
34306,2020SP,HS,ASY,BL
34313,2020SP,MC,SYN,TR
34354,2020SP,MC,ASY,BL
34371,2020SP,MC,SYN,TR
34377,2020SP,OL,ASY,IN
34447,2020SP,OL,ASY,IN
34484,2020SP,MC,SYN,BL
34512,2020SP,OL,ASY,IN
34513,2020SP,OL,ASY,IN
34528,2020SP,OC,SYN,TR
34529,2020SP,OC,SYN,TR
34530,2020SP,MC,SYN,TR
34531,2020SP,MC,SYN,TR
34551,2020SP,OL,ASY,IN
34558,2020SU,OL,ASY,IN
34560,2020SU,OL,ASY,IN
34561,2020SU,OL,ASY,IN
34562,2020SU,OL,ASY,IN
34563,2020SU,OL,ASY,IN
34564,2020SU,OL,ASY,IN
34565,2020SU,MC,SYN,TR
34566,2020SU,MC,SYN,TR
34567,2020SU,OC,ASY,BL
34568,2020SU,OC,SYN,TR
34570,2020SU,OC,SYN,TR
34574,2020SU,OL,ASY,IN
34575,2020SU,OL,ASY,IN
34576,2020SU,MC,SYN,TR
34577,2020SU,MC,SYN,TR
34578,2020SU,OL,ASY,IN
34579,2020SU,MC,ASY,BL
34580,2020SU,OL,ASY,IN
34581,2020SU,OL,ASY,IN
34582,2020SU,MC,ASY,BL
34583,2020SU,OL,ASY,IN
34584,2020SU,OL,ASY,IN
34585,2020SU,MC,SYN,TR
34586,2020SU,OL,ASY,IN
34587,2020SU,MC,ASY,BL
34589,2020SU,OL,ASY,IN
34590,2020SU,OL,ASY,IN
34591,2020SU,OL,ASY,IN
34592,2020SU,OL,ASY,IN
34593,2020SU,MC,ASY,BL
34594,2020SU,OL,ASY,IN
34595,2020SU,OL,ASY,IN
34596,2020SU,MC,SYN,TR
34597,2020SU,OL,ASY,IN
34598,2020SU,OL,ASY,IN
34602,2020SU,MC,SYN,TR
34603,2020SU,OL,ASY,IN
34604,2020SU,OL,ASY,IN
34605,2020SU,OL,ASY,IN
34606,2020SU,MC,SYN,TR
34607,2020SU,MC,SYN,TR
34609,2020SU,MC,SYN,TR
34610,2020SU,MC,SYN,TR
34611,2020SU,MC,SYN,TR
34612,2020SU,MC,SYN,TR
34613,2020SU,MC,SYN,TR
34614,2020SU,MC,SYN,TR
34615,2020SU,MC,SYN,TR
34616,2020SU,OL,ASY,IN
34617,2020SU,OL,ASY,IN
34618,2020SU,OL,ASY,IN
34619,2020SU,OL,ASY,IN
34620,2020SU,OL,ASY,IN
34621,2020SU,OL,ASY,IN
34622,2020SU,OL,ASY,IN
34623,2020SU,OL,ASY,IN
34624,2020SU,OL,ASY,IN
34671,2020SP,OL,ASY,IN
34676,2020SP,MC,SYN,TR
34677,2020SP,OC,SYN,TR
34684,2020SP,MC,SYN,TR
34723,2020SU,MC,ASY,BL
34724,2020SP,OL,ASY,IN
34736,2020SP,OC,SYN,TR
34743,2020SP,OL,ASY,IN
34744,2020SP,OL,ASY,IN
34748,2020SP,MC,ASY,BL
34751,2020SP,OC,SYN,TR
34752,2020SP,MC,SYN,TR
34754,2020SP,MC,SYN,TR
34756,2020SP,OL,ASY,IN
34771,2020SP,OC,SYN,TR
34838,2020SU,OL,ASY,IN
34855,2020SU,MC,SYN,TR
34856,2020SU,MC,SYN,TR
34857,2020SU,MC,SYN,TR
34858,2020SU,MC,SYN,TR
34859,2020SU,MC,SYN,TR
34860,2020SU,MC,SYN,TR
34861,2020SU,MC,SYN,TR
34879,2020SP,OC,ASY,BL
34880,2020SP,OC,ASY,BL
34899,2020FA,MC,SYN,TR
34901,2020FA,OL,ASY,IN
34902,2020FA,MC,SYN,TR
34903,2020FA,OL,ASY,IN
34904,2020FA,OL,ASY,IN
34905,2020FA,MC,SYN,TR
34906,2020FA,OL,ASY,IN
34907,2020FA,OL,ASY,IN
34908,2020FA,OL,ASY,IN
34909,2020FA,OL,ASY,IN
34910,2020FA,MC,SYN,TR
34911,2020FA,OL,ASY,IN
34912,2020FA,MC,SYN,TR
34913,2020FA,OL,ASY,IN
34914,2020FA,OL,ASY,IN
34915,2020FA,MC,SYN,TR
34916,2020FA,MC,SYN,TR
34917,2020FA,OL,ASY,IN
34918,2020FA,OL,ASY,IN
34919,2020FA,OL,ASY,IN
34921,2020FA,OL,ASY,IN
34922,2020FA,MC,ASY,BL
34923,2020FA,MC,SYN,TR
34924,2020FA,OL,ASY,IN
34925,2020FA,OC,SYN,TR
34927,2020FA,OL,ASY,IN
34928,2020FA,OL,ASY,IN
34929,2020FA,OL,ASY,IN
34931,2020FA,OL,ASY,IN
34932,2020FA,OL,ASY,IN
34933,2020FA,OL,ASY,IN
34935,2020FA,OL,ASY,IN
34936,2020FA,OL,ASY,IN
34937,2020FA,OL,ASY,IN
34938,2020FA,OL,ASY,IN
34939,2020FA,OL,ASY,IN
34940,2020FA,OL,ASY,IN
34941,2020FA,OL,ASY,IN
34942,2020FA,OL,ASY,IN
34943,2020FA,OL,ASY,IN
34944,2020FA,OL,ASY,IN
34945,2020FA,OL,ASY,IN
34946,2020FA,OL,ASY,IN
34947,2020FA,OL,ASY,IN
34948,2020FA,OL,ASY,IN
34949,2020FA,MC,ASY,BL
34950,2020FA,MC,ASY,BL
34951,2020FA,MC,ASY,BL
34952,2020FA,MC,ASY,BL
34953,2020FA,OL,ASY,IN
34954,2020FA,OL,ASY,IN
34955,2020FA,OL,ASY,IN
34956,2020FA,OL,ASY,IN
34957,2020FA,OL,ASY,IN
34958,2020FA,OL,ASY,IN
34959,2020FA,MC,ASY,BL
34960,2020FA,MC,ASY,BL
34961,2020FA,MC,ASY,BL
34962,2020FA,OL,ASY,IN
34963,2020FA,OL,ASY,IN
34964,2020FA,OL,ASY,IN
34965,2020FA,OL,ASY,IN
34966,2020FA,OL,ASY,IN
34967,2020FA,MC,SYN,TR
34968,2020FA,MC,SYN,TR
34969,2020FA,MC,SYN,TR
34970,2020FA,OL,ASY,IN
34971,2020FA,MC,SYN,TR
34972,2020FA,MC,SYN,TR
34973,2020FA,MC,SYN,TR
34974,2020FA,MC,SYN,TR
34975,2020FA,MC,SYN,TR
34976,2020FA,MC,SYN,TR
34977,2020FA,OL,ASY,IN
34978,2020FA,OL,ASY,IN
34979,2020FA,MC,SYN,TR
34980,2020FA,MC,SYN,TR
34981,2020FA,MC,SYN,TR
34982,2020FA,MC,SYN,TR
34983,2020FA,MC,SYN,TR
34984,2020FA,MC,SYN,TR
34985,2020FA,MC,SYN,TR
34986,2020FA,OL,ASY,IN
34987,2020FA,OL,ASY,IN
34988,2020FA,MC,ASY,BL
34989,2020FA,MC,SYN,TR
34990,2020FA,MC,SYN,TR
34991,2020FA,MC,SYN,TR
34992,2020FA,MC,SYN,TR
34993,2020FA,OL,ASY,IN
34994,2020FA,MC,SYN,TR
34995,2020FA,MC,SYN,TR
34996,2020FA,MC,SYN,TR
34997,2020FA,MC,SYN,TR
34998,2020FA,OL,ASY,IN
34999,2020FA,MC,SYN,TR
35000,2020FA,OL,ASY,IN
35001,2020FA,MC,SYN,TR
35002,2020FA,OL,ASY,IN
35003,2020FA,MC,SYN,TR
35004,2020FA,MC,SYN,TR
35008,2020FA,MC,SYN,TR
35009,2020FA,MC,SYN,TR
35010,2020FA,MC,SYN,TR
35011,2020FA,MC,SYN,TR
35012,2020FA,MC,SYN,TR
35013,2020FA,MC,SYN,TR
35014,2020FA,MC,SYN,TR
35015,2020FA,MC,SYN,TR
35016,2020FA,MC,SYN,TR
35017,2020FA,OL,ASY,IN
35018,2020FA,OL,ASY,IN
35019,2020FA,OL,ASY,IN
35020,2020FA,MC,SYN,TR
35021,2020FA,MC,SYN,TR
35022,2020FA,MC,SYN,TR
35023,2020FA,MC,SYN,TR
35024,2020FA,OL,ASY,IN
35025,2020FA,OL,ASY,IN
35026,2020FA,MC,SYN,TR
35027,2020FA,MC,SYN,TR
35028,2020FA,OL,ASY,IN
35029,2020FA,OL,ASY,IN
35030,2020FA,MC,SYN,TR
35031,2020FA,OL,ASY,IN
35032,2020FA,MC,SYN,TR
35033,2020FA,MC,SYN,TR
35034,2020FA,OL,ASY,IN
35035,2020FA,OL,ASY,IN
35037,2020FA,OL,ASY,IN
35038,2020FA,OL,ASY,IN
35039,2020FA,MC,SYN,TR
35040,2020FA,MC,SYN,TR
35041,2020FA,MC,SYN,TR
35042,2020FA,OL,ASY,IN
35043,2020FA,MC,SYN,TR
35044,2020FA,MC,SYN,TR
35045,2020FA,MC,SYN,TR
35046,2020FA,MC,SYN,TR
35047,2020FA,MC,SYN,TR
35048,2020FA,OL,ASY,IN
35049,2020FA,OL,ASY,IN
35050,2020FA,OL,ASY,IN
35051,2020FA,MC,SYN,TR
35052,2020FA,MC,SYN,TR
35053,2020FA,OL,ASY,IN
35054,2020FA,MC,SYN,TR
35055,2020FA,MC,SYN,TR
35056,2020FA,MC,SYN,TR
35057,2020FA,MC,SYN,TR
35058,2020FA,OL,ASY,IN
35059,2020FA,MC,SYN,TR
35060,2020FA,OL,ASY,IN
35061,2020FA,MC,SYN,TR
35062,2020FA,MC,SYN,TR
35063,2020FA,OL,ASY,IN
35064,2020FA,MC,SYN,TR
35065,2020FA,OL,ASY,IN
35066,2020FA,OL,ASY,IN
35067,2020FA,MC,SYN,TR
35068,2020FA,OL,ASY,IN
35071,2020FA,MC,SYN,TR
35073,2020FA,MC,SYN,TR
35074,2020FA,OL,ASY,IN
35075,2020FA,MC,ASY,BL
35076,2020FA,OL,ASY,IN
35077,2020FA,MC,ASY,BL
35078,2020FA,MC,ASY,BL
35079,2020FA,MC,ASY,BL
35080,2020FA,MC,ASY,BL
35081,2020FA,OL,ASY,IN
35082,2020FA,MC,ASY,BL
35083,2020FA,MC,ASY,BL
35084,2020FA,MC,ASY,BL
35085,2020FA,MC,ASY,HY
35086,2020FA,MC,SYN,TR
35087,2020FA,MC,SYN,TR
35088,2020FA,MC,SYN,TR
35089,2020FA,MC,SYN,TR
35090,2020FA,MC,SYN,TR
35091,2020FA,MC,SYN,TR
35092,2020FA,MC,SYN,TR
35093,2020FA,OL,ASY,IN
35094,2020FA,MC,SYN,TR
35095,2020FA,MC,SYN,TR
35097,2020FA,MC,SYN,TR
35098,2020FA,MC,SYN,TR
35099,2020FA,MC,SYN,TR
35100,2020FA,MC,SYN,TR
35101,2020FA,MC,ASY,HY
35102,2020FA,MC,SYN,TR
35103,2020FA,MC,SYN,TR
35104,2020FA,MC,SYN,TR
35105,2020FA,MC,SYN,TR
35106,2020FA,MC,SYN,TR
35107,2020FA,MC,SYN,TR
35108,2020FA,MC,SYN,TR
35109,2020FA,MC,SYN,TR
35110,2020FA,MC,SYN,TR
35111,2020FA,MC,SYN,TR
35112,2020FA,OL,ASY,IN
35113,2020FA,MC,SYN,TR
35114,2020FA,MC,SYN,TR
35115,2020FA,MC,SYN,TR
35116,2020FA,MC,SYN,TR
35117,2020FA,MC,SYN,TR
35118,2020FA,OL,ASY,IN
35119,2020FA,MC,SYN,TR
35120,2020FA,MC,SYN,TR
35121,2020FA,MC,SYN,TR
35122,2020FA,MC,SYN,TR
35123,2020FA,MC,SYN,TR
35124,2020FA,MC,SYN,TR
35125,2020FA,MC,ASY,BL
35126,2020FA,MC,ASY,BL
35127,2020FA,OL,ASY,IN
35128,2020FA,OL,ASY,IN
35129,2020FA,OL,ASY,IN
35130,2020FA,OL,ASY,IN
35142,2020FA,HTC,ASY,BL
35143,2020FA,MC,SYN,TR
35144,2020FA,MC,ASY,BL
35145,2020FA,MC,SYN,TR
35146,2020FA,MC,SYN,TR
35147,2020FA,MC,SYN,TR
35148,2020FA,MC,SYN,TR
35149,2020FA,MC,SYN,TR
35150,2020FA,MC,SYN,TR
35151,2020FA,MC,SYN,TR
35152,2020FA,MC,SYN,TR
35153,2020FA,MC,SYN,TR
35156,2020FA,MC,SYN,TR
35157,2020FA,HTC,ASY,BL
35158,2020FA,MC,SYN,TR
35159,2020FA,MC,SYN,TR
35160,2020FA,OL,ASY,IN
35161,2020FA,OL,ASY,IN
35162,2020FA,OL,ASY,IN
35163,2020FA,OL,ASY,IN
35164,2020FA,MC,SYN,TR
35165,2020FA,OL,ASY,IN
35166,2020FA,OL,ASY,IN
35167,2020FA,OL,ASY,IN
35168,2020FA,OL,ASY,IN
35169,2020FA,OL,ASY,IN
35170,2020FA,OL,ASY,IN
35171,2020FA,OL,ASY,IN
35172,2020FA,OL,ASY,IN
35173,2020FA,OL,ASY,IN
35174,2020FA,MC,SYN,TR
35175,2020FA,MC,SYN,TR
35176,2020FA,MC,SYN,TR
35177,2020FA,MC,SYN,TR
35178,2020FA,HTC,SYN,TR
35179,2020FA,HTC,ASY,BL
35180,2020FA,HTC,SYN,TR
35181,2020FA,HTC,SYN,TR
35182,2020FA,MC,SYN,TR
35183,2020FA,HTC,SYN,TR
35184,2020FA,MC,SYN,TR
35185,2020FA,HS,ASY,BL
35186,2020FA,HS,ASY,BL
35188,2020FA,HTC,ASY,BL
35189,2020FA,HTC,ASY,BL
35190,2020FA,HTC,ASY,BL
35191,2020FA,HTC,ASY,BL
35192,2020FA,HTC,ASY,BL
35193,2020FA,HTC,SYN,TR
35194,2020FA,HTC,SYN,TR
35195,2020FA,HTC,ASY,BL
35196,2020FA,HTC,SYN,TR
35197,2020FA,OL,ASY,IN
35198,2020FA,HTC,SYN,TR
35199,2020FA,HTC,SYN,TR
35200,2020FA,HTC,ASY,BL
35201,2020FA,HTC,SYN,TR
35202,2020FA,OL,ASY,IN
35203,2020FA,OL,ASY,IN
35204,2020FA,MC,SYN,TR
35205,2020FA,MC,SYN,TR
35206,2020FA,MC,SYN,TR
35207,2020FA,MC,SYN,TR
35208,2020FA,MC,SYN,TR
35209,2020FA,MC,SYN,TR
35210,2020FA,MC,SYN,TR
35211,2020FA,MC,SYN,TR
35212,2020FA,MC,ASY,HY
35213,2020FA,MC,SYN,TR
35214,2020FA,MC,SYN,TR
35215,2020FA,MC,SYN,TR
35216,2020FA,MC,SYN,TR
35217,2020FA,MC,SYN,TR
35218,2020FA,MC,SYN,TR
35219,2020FA,MC,SYN,TR
35220,2020FA,MC,SYN,TR
35222,2020FA,MC,SYN,TR
35223,2020FA,MC,SYN,TR
35224,2020FA,MC,SYN,TR
35225,2020FA,MC,SYN,TR
35226,2020FA,OL,ASY,IN
35227,2020FA,MC,SYN,TR
35228,2020FA,MC,SYN,TR
35229,2020FA,MC,ASY,BL
35230,2020FA,MC,SYN,TR
35231,2020FA,HS,SYN,TR
35232,2020FA,MC,ASY,BL
35233,2020FA,MC,SYN,TR
35234,2020FA,MC,SYN,TR
35235,2020FA,MC,SYN,TR
35237,2020FA,MC,ASY,BL
35238,2020FA,OL,ASY,IN
35239,2020FA,MC,SYN,TR
35240,2020FA,MC,ASY,BL
35241,2020FA,MC,SYN,TR
35242,2020FA,MC,SYN,TR
35243,2020FA,MC,SYN,TR
35244,2020FA,MC,SYN,TR
35245,2020FA,MC,SYN,TR
35246,2020SU,MC,SYN,TR
35251,2020FA,OL,ASY,IN
35252,2020FA,OL,ASY,IN
35253,2020FA,OL,ASY,IN
35254,2020FA,OL,ASY,IN
35278,2020FA,MC,SYN,TR
35279,2020FA,MC,SYN,TR
35280,2020FA,MC,SYN,TR
35281,2020FA,MC,SYN,TR
35282,2020FA,MC,SYN,TR
35283,2020FA,MC,SYN,TR
35381,2020SP,OL,ASY,IN
35386,2020SU,MC,SYN,TR
35387,2020SU,OL,ASY,IN
35389,2020SU,OC,SYN,TR
35390,2020SU,OC,SYN,TR
35392,2020SU,OL,ASY,IN
35393,2020FA,MC,SYN,TR
35394,2020FA,MC,SYN,TR
35396,2020FA,MC,SYN,TR
35397,2020FA,OL,ASY,IN
35399,2020FA,HTC,SYN,TR
35400,2020FA,MC,ASY,BL
35401,2020FA,MC,SYN,TR
35402,2020FA,OL,SYN,IN
35404,2020FA,MC,SYN,TR
35405,2020FA,MC,SYN,TR
35406,2020FA,MC,ASY,BL
35407,2020FA,MC,ASY,BL
35408,2020FA,MC,SYN,TR
35446,2020SU,OL,ASY,IN
35447,2020SU,OL,ASY,IN
35448,2020SU,OL,ASY,IN
35449,2020SU,OL,ASY,IN
35450,2020FA,MC,SYN,TR
35451,2020SU,OL,ASY,IN
35452,2020SU,MC,ASY,HY
35453,2020SU,MC,ASY,HY
35454,2020FA,MC,SYN,TR
35457,2020SU,MC,ASY,BL
35460,2020SU,OL,ASY,IN
35479,2020FA,OL,ASY,IN
35504,2020FA,OL,ASY,IN
35512,2020SU,OL,ASY,IN
35513,2020SU,OL,ASY,IN
35564,2020FA,OL,ASY,IN
35565,2020FA,OL,ASY,IN
35566,2020FA,OL,ASY,IN
35599,2020FA,MC,SYN,TR
35600,2020FA,OL,ASY,IN
35601,2020FA,,ASY,IN
35602,2020FA,MC,SYN,TR
35603,2020FA,MC,SYN,TR
35604,2020FA,MC,SYN,TR
35606,2020FA,MC,SYN,TR
35607,2020FA,HTC,SYN,BL
35608,2020FA,HTC,ASY,BL
35609,2020FA,HTC,SYN,TR
35610,2020FA,HTC,SYN,TR
35614,2020FA,OL,ASY,IN
35618,2020FA,OL,ASY,IN
35623,2020FA,OL,ASY,IN
35624,2020FA,OL,ASY,IN
35625,2020FA,MC,ASY,BL
35648,2020FA,MC,ASY,BL
35649,2020FA,MC,ASY,BL
35650,2020FA,OL,ASY,IN
35651,2020FA,OL,ASY,IN
35653,2020FA,OL,ASY,IN
35655,2020FA,MC,ASY,BL
35656,2020FA,MC,ASY,BL
35657,2020FA,OL,ASY,IN
35675,2020FA,MC,ASY,BL
35676,2020FA,MC,ASY,BL
35678,2020FA,OL,ASY,IN
35679,2020FA,MC,ASY,BL
35680,2020FA,MC,ASY,BL
35682,2020FA,MC,ASY,BL
35684,2020FA,MC,SYN,TR
35685,2020FA,MC,ASY,BL
35686,2020FA,MC,ASY,BL
35690,2020FA,OL,ASY,IN
35691,2020FA,MC,ASY,BL
35692,2020FA,OL,SYN,IN
35693,2020FA,OL,SYN,IN
35694,2020FA,OL,ASY,IN
35695,2020FA,MC,SYN,TR
35696,2020FA,OL,SYN,IN
35697,2020FA,OL,SYN,IN
35698,2020FA,OL,SYN,IN
35699,2020FA,OL,SYN,IN
35700,2020FA,MC,ASY,BL
35701,2020FA,MC,ASY,BL
35702,2020FA,MC,ASY,BL
35703,2020FA,MC,ASY,BL
35704,2020FA,MC,ASY,BL
35705,2020FA,MC,ASY,BL
35706,2020FA,MC,ASY,BL
35707,2020FA,MC,ASY,BL
35709,2020FA,MC,ASY,BL
35710,2020FA,MC,ASY,BL
35711,2020FA,OL,ASY,IN
35713,2020FA,OL,SYN,IN
35714,2020FA,OL,SYN,IN
35715,2020FA,OL,SYN,IN
35716,2020FA,OL,SYN,IN
35717,2020FA,OL,SYN,IN
35718,2020FA,MC,ASY,BL
35720,2020FA,OL,SYN,IN
35721,2020FA,OL,SYN,IN
35722,2020FA,OL,SYN,IN
35723,2020FA,OL,SYN,IN
35725,2020FA,OL,SYN,IN
35726,2020FA,OL,SYN,IN
35727,2020FA,OL,SYN,IN
35728,2020FA,OL,SYN,IN
35729,2020FA,OL,SYN,IN
35730,2020FA,OL,SYN,IN
35731,2020FA,OL,SYN,IN
35733,2020FA,OL,SYN,IN
35734,2020FA,OL,SYN,IN
35735,2020FA,OL,SYN,IN
35736,2020FA,OL,SYN,IN
35737,2020FA,OL,SYN,IN
35738,2020FA,OL,SYN,IN
35739,2020FA,OL,SYN,IN
35741,2020FA,OL,SYN,IN
35742,2020FA,MC,SYN,BL
35744,2020FA,OL,ASY,IN
35745,2020FA,OL,ASY,IN
35746,2020FA,OL,ASY,IN
35747,2020FA,OL,ASY,IN
35748,2020FA,OL,SYN,IN
35749,2020FA,MC,ASY,BL
35750,2020FA,MC,ASY,BL
35751,2020FA,OL,ASY,IN
35752,2020FA,MC,ASY,BL
35753,2020FA,OL,ASY,IN
35754,2020FA,OL,SYN,IN
35755,2020FA,OL,SYN,IN
35757,2020FA,OL,SYN,IN
35758,2020FA,OL,SYN,IN
35759,2020FA,OL,SYN,IN
35760,2020FA,OL,SYN,IN
35761,2020FA,OL,SYN,IN
35762,2020FA,OL,SYN,IN
35764,2020FA,OL,SYN,IN
35765,2020FA,OL,SYN,IN
35766,2020FA,OL,SYN,IN
35767,2020FA,OL,SYN,IN
35768,2020FA,OL,SYN,IN
35769,2020FA,OL,SYN,IN
35771,2020FA,OL,SYN,IN
35772,2020FA,OL,SYN,IN
35773,2020FA,OL,ASY,IN
35774,2020FA,OL,ASY,IN
35775,2020FA,OL,ASY,IN
35776,2020FA,OL,ASY,IN
35777,2020FA,MC,ASY,BL
35778,2020FA,MC,ASY,BL
35779,2020FA,OL,SYN,IN
35780,2020FA,OL,SYN,IN
35781,2020FA,OL,SYN,IN
35782,2020FA,OL,SYN,IN
35783,2020FA,OL,ASY,IN
35784,2020FA,OL,SYN,IN
35785,2020FA,OL,SYN,IN
35786,2020FA,OL,ASY,IN
35787,2020FA,OL,ASY,IN
35788,2020FA,OL,ASY,IN
35790,2020FA,OL,ASY,IN
35791,2020FA,OL,ASY,IN
35792,2020FA,MC,ASY,HY
35793,2020FA,OL,ASY,IN
35796,2020FA,MC,ASY,BL
35797,2020FA,MC,ASY,BL
35799,2020FA,OL,ASY,IN
35801,2020FA,OL,ASY,BL
35802,2020FA,MC,ASY,BL
35805,2020FA,MC,ASY,BL
35806,2020FA,MC,ASY,BL
35807,2020FA,OL,ASY,IN
35809,2020FA,MC,ASY,BL
35810,2020FA,MC,ASY,BL
35811,2020FA,MC,ASY,BL
35812,2020FA,MC,ASY,BL
35813,2020FA,MC,ASY,BL
35814,2020FA,MC,ASY,BL
35815,2020FA,MC,ASY,HY
35816,2020FA,MC,ASY,HY
35817,2020FA,MC,ASY,BL
35818,2020FA,MC,ASY,BL
35819,2020FA,MC,ASY,BL
35820,2020FA,OL,SYN,IN
35835,2020FA,OL,ASY,IN
35837,2020FA,MC,ASY,BL
35839,2020FA,MC,ASY,BL
35840,2020FA,OL,ASY,IN
35841,2020FA,MC,ASY,BL
35842,2020FA,MC,SYN,TR
35843,2020FA,MC,SYN,TR
35844,2020FA,MC,SYN,TR
35845,2020FA,MC,SYN,TR
35849,2020FA,MC,SYN,TR
35850,2020FA,MC,SYN,TR
35851,2020FA,MC,SYN,TR
35852,2020FA,OC,ASY,HY
35854,2020FA,OC,ASY,HY
35856,2020FA,OC,ASY,HY
35857,2020FA,OC,ASY,HY
35858,2020FA,MC,ASY,BL
35859,2020FA,OC,SYN,TR
35860,2020FA,OC,SYN,TR
35861,2020FA,OC,SYN,TR
35863,2020FA,OC,SYN,TR
35864,2020FA,OC,SYN,TR
35865,2020FA,OC,SYN,TR
35866,2020FA,MC,ASY,BL
35867,2020FA,OC,SYN,TR
35868,2020FA,OC,SYN,TR
35869,2020FA,OC,SYN,TR
35870,2020FA,OC,SYN,TR
35871,2020FA,OC,SYN,TR
35872,2020FA,OC,SYN,TR
35874,2020FA,OL,ASY,IN
35879,2020FA,OL,SYN,IN
35883,2020FA,OL,SYN,IN
35888,2020FA,MC,ASY,BL
35889,2020FA,OL,ASY,IN
35890,2020FA,OL,ASY,IN
35909,2020FA,OL,ASY,IN
35916,2020FA,OL,ASY,IN
35918,2020FA,MC,ASY,HY
35919,2020FA,MC,SYN,BL
35920,2020FA,MC,SYN,BL
35921,2020FA,MC,SYN,BL
35933,2020FA,OL,ASY,IN
35938,2020FA,OC,SYN,TR
35966,2020FA,OL,ASY,IN
35967,2020FA,OL,ASY,IN
35968,2020FA,OL,ASY,IN
35969,2020FA,OL,ASY,IN
35970,2020FA,OL,ASY,IN
35971,2020FA,OL,ASY,IN
35975,2020FA,MC,SYN,TR
35976,2020FA,OL,ASY,IN
36003,2020FA,OL,ASY,IN
36004,2020FA,OC,ASY,IN
36054,2021SP,OL,ASY,IN
36055,2021SP,MC,SYN,TR
36056,2021SP,OL,ASY,IN
36057,2021SP,MC,SYN,TR
36058,2021SP,MC,SYN,TR
36059,2021SP,MC,SYN,TR
36060,2021SP,OL,ASY,IN
36061,2021SP,MC,SYN,TR
36076,2021SP,MC,SYN,TR
36079,2021SP,OL,ASY,IN
36080,2021SP,OL,ASY,IN
36081,2021SP,MC,SYN,TR
36083,2021SP,OL,ASY,IN
36084,2021SP,OL,ASY,IN
36085,2021SP,MC,SYN,TR
36086,2021SP,OL,ASY,IN
36087,2021SP,MC,SYN,TR
36088,2021SP,OL,ASY,IN
36090,2021SP,OL,ASY,IN
36091,2021SP,OL,ASY,IN
36092,2021SP,OL,ASY,IN
36106,2021SP,MC,SYN,TR
36107,2021SP,MC,SYN,TR
36108,2021SP,MC,SYN,TR
36109,2021SP,MC,SYN,TR
36110,2021SP,OL,ASY,IN
36111,2021SP,OL,ASY,IN
36112,2021SP,OC,SYN,TR
36114,2021SP,OL,ASY,IN
36115,2021SP,OL,ASY,IN
36117,2021SP,OL,ASY,IN
36118,2021SP,OL,ASY,IN
36119,2021SP,OL,ASY,IN
36120,2021SP,OL,ASY,IN
36121,2021SP,OL,ASY,IN
36122,2021SP,OL,ASY,IN
36123,2021SP,OC,ASY,IN
36124,2021SP,OL,ASY,IN
36125,2021SP,OL,ASY,IN
36126,2021SP,OL,ASY,IN
36127,2021SP,OL,ASY,IN
36128,2021SP,OL,ASY,IN
36129,2021SP,OL,ASY,IN
36130,2021SP,OC,ASY,IN
36131,2021SP,OL,ASY,IN
36132,2021SP,OL,ASY,IN
36133,2021SP,OL,ASY,IN
36135,2021SP,OL,ASY,IN
36136,2021SP,OL,ASY,IN
36137,2021SP,OL,ASY,IN
36138,2021SP,OL,ASY,IN
36139,2021SP,OL,ASY,IN
36140,2021SP,OL,ASY,IN
36141,2021SP,OL,ASY,IN
36142,2021SP,OL,ASY,IN
36143,2021SP,OL,ASY,IN
36144,2021SP,OL,ASY,IN
36145,2021SP,OL,ASY,IN
36146,2021SP,OL,ASY,IN
36147,2021SP,OL,SYN,IN
36148,2021SP,OL,ASY,IN
36149,2021SP,OL,ASY,IN
36150,2021SP,OL,ASY,IN
36151,2021SP,OL,ASY,IN
36152,2021FA,OL,ASY,IN
36153,2021FA,OL,ASY,IN
36154,2021SP,OL,ASY,IN
36155,2021SP,OL,ASY,IN
36156,2021SP,OL,ASY,IN
36157,2021SP,OL,ASY,IN
36158,2021SP,OL,ASY,IN
36159,2021SP,OL,ASY,IN
36161,2021SP,OL,ASY,IN
36162,2021SP,OL,ASY,IN
36163,2021SP,OL,ASY,IN
36164,2021SP,OL,ASY,IN
36165,2021SP,OL,ASY,IN
36166,2021SP,OL,ASY,IN
36168,2021SP,OL,ASY,IN
36169,2021SP,OL,ASY,IN
36170,2021SP,OL,ASY,IN
36171,2021SP,MC,ASY,BL
36172,2021SP,MC,ASY,BL
36173,2021SP,OL,ASY,IN
36174,2021SP,OL,ASY,IN
36175,2021SP,MC,ASY,BL
36176,2021SP,MC,ASY,BL
36177,2021SP,MC,SYN,TR
36178,2021SP,OL,ASY,IN
36179,2021SP,OL,ASY,IN
36180,2021SP,MC,ASY,BL
36181,2021SP,HTC,ASY,BL
36183,2021SP,HTC,ASY,BL
36184,2021SP,OL,ASY,IN
36185,2021SP,OL,ASY,IN
36186,2021SP,MC,ASY,BL
36187,2021SP,OL,ASY,BL
36188,2021SP,HTC,ASY,BL
36189,2021SP,MC,ASY,BL
36190,2021SP,HTC,ASY,BL
36192,2021SP,HTC,ASY,BL
36193,2021SP,OL,ASY,BL
36194,2021SP,HTC,SYN,TR
36195,2021SP,HTC,ASY,BL
36196,2021SP,HTC,ASY,BL
36198,2021SP,HTC,ASY,BL
36199,2021SP,HTC,SYN,TR
36200,2021SP,HTC,ASY,BL
36201,2021SP,HTC,ASY,BL
36202,2021SP,OL,ASY,IN
36203,2021SP,HTC,ASY,BL
36204,2021SP,HTC,ASY,BL
36205,2021SP,HTC,SYN,TR
36206,2021SP,HTC,ASY,BL
36207,2021SP,HTC,ASY,BL
36209,2021SP,HTC,ASY,BL
36210,2021SP,MC,ASY,BL
36211,2021SP,MC,ASY,BL
36213,2021SP,MC,ASY,HY
36214,2021SP,MC,ASY,BL
36215,2021SP,MC,ASY,BL
36216,2021SP,MC,ASY,BL
36217,2021SP,MC,ASY,BL
36219,2021SP,MC,SYN,TR
36221,2021SP,MC,ASY,BL
36222,2021SP,MC,ASY,BL
36224,2021SP,MC,ASY,BL
36225,2021SP,MC,ASY,BL
36226,2021SP,OL,ASY,IN
36228,2021SP,MC,ASY,BL
36229,2021SP,MC,ASY,BL
36230,2021SP,MC,ASY,BL
36232,2021SP,MC,ASY,BL
36233,2021SP,MC,ASY,BL
36234,2021SP,MC,ASY,BL
36235,2021SP,MC,ASY,BL
36244,2021SP,OL,ASY,IN
36245,2021SP,OL,ASY,IN
36247,2021SP,OL,ASY,IN
36248,2021SP,OL,ASY,IN
36249,2021SP,OL,ASY,IN
36252,2021SP,OL,ASY,IN
36253,2021SP,OL,SYN,IN
36254,2021SP,OL,SYN,IN
36255,2021SP,OL,SYN,IN
36256,2021SP,OL,ASY,IN
36257,2021SP,OL,SYN,IN
36261,2021SP,OL,SYN,IN
36262,2021SP,OL,SYN,IN
36263,2021SP,OL,SYN,IN
36264,2021SP,OL,ASY,IN
36265,2021SP,OL,ASY,IN
36266,2021SP,OL,SYN,IN
36267,2021SP,OL,SYN,IN
36268,2021SP,OL,ASY,IN
36269,2021SP,OL,SYN,IN
36270,2021SP,OL,ASY,IN
36271,2021SP,OL,SYN,IN
36272,2021SP,OL,ASY,IN
36273,2021SP,OL,SYN,IN
36274,2021SP,OL,SYN,IN
36275,2021SP,OL,SYN,IN
36276,2021SP,OL,ASY,IN
36277,2021SP,OL,ASY,IN
36278,2021SP,OL,ASY,IN
36280,2021SP,OL,SYN,IN
36281,2021SP,OL,SYN,IN
36282,2021SP,OL,ASY,IN
36283,2021SP,OL,SYN,IN
36284,2021SP,OL,SYN,IN
36285,2021SP,OL,SYN,IN
36286,2021SP,OL,SYN,IN
36287,2021SP,OL,SYN,IN
36288,2021SP,OL,SYN,IN
36289,2021SP,OL,SYN,IN
36290,2021SP,OL,ASY,IN
36291,2021SP,OL,ASY,IN
36292,2021SP,OL,ASY,IN
36293,2021SP,OL,ASY,IN
36294,2021SP,OL,SYN,IN
36295,2021SP,OL,SYN,IN
36296,2021SP,OL,SYN,IN
36297,2021SP,OL,SYN,IN
36298,2021SP,OL,SYN,IN
36299,2021SP,OL,SYN,IN
36300,2021SP,OL,ASY,IN
36301,2021SP,OL,ASY,IN
36302,2021SP,OL,SYN,IN
36303,2021SP,OL,SYN,IN
36304,2021SP,OL,ASY,IN
36305,2021SP,OL,SYN,IN
36306,2021SP,OL,ASY,IN
36307,2021SP,MC,ASY,BL
36308,2021SP,OL,ASY,IN
36309,2021SP,MC,SYN,TR
36310,2021SP,MC,SYN,TR
36315,2021SP,MC,SYN,TR
36316,2021SP,MC,SYN,TR
36317,2021SP,MC,SYN,TR
36318,2021SP,OL,ASY,IN
36319,2021SP,OL,ASY,IN
36320,2021SP,MC,SYN,TR
36321,2021SP,MC,SYN,TR
36322,2021SP,MC,SYN,TR
36323,2021SP,MC,ASY,BL
36324,2021SP,MC,ASY,BL
36332,2021SP,MC,SYN,TR
36333,2021SP,MC,SYN,TR
36334,2021SP,MC,SYN,TR
36335,2021SP,MC,SYN,TR
36336,2021SP,MC,SYN,TR
36339,2021SP,MC,SYN,TR
36341,2021SP,MC,SYN,TR
36342,2021SP,MC,SYN,TR
36345,2021SP,OL,ASY,IN
36346,2021SP,OL,ASY,IN
36347,2021SP,OC,ASY,IN
36348,2021SP,OL,SYN,IN
36349,2021SP,OL,ASY,IN
36350,2021SP,OL,ASY,IN
36351,2021SP,OL,ASY,IN
36352,2021SP,OL,ASY,IN
36353,2021SP,OL,ASY,IN
36354,2021SP,OL,SYN,IN
36355,2021SP,OL,ASY,IN
36356,2021SP,OL,SYN,IN
36357,2021SP,OL,SYN,IN
36358,2021SP,OL,ASY,IN
36359,2021SP,MC,ASY,BL
36360,2021SP,OL,ASY,IN
36361,2021SP,OL,ASY,IN
36362,2021SP,OL,ASY,IN
36363,2021SP,OL,ASY,IN
36364,2021SP,OL,ASY,IN
36366,2021SP,OL,ASY,IN
36367,2021SP,OL,ASY,IN
36368,2021SP,OL,ASY,IN
36369,2021SP,OL,ASY,IN
36370,2021SP,OL,ASY,IN
36371,2021SP,OL,ASY,IN
36372,2021SP,OL,ASY,IN
36373,2021SP,OL,ASY,IN
36374,2021SP,OL,SYN,IN
36375,2021SP,OL,SYN,IN
36376,2021SP,OL,ASY,IN
36377,2021SP,OL,ASY,IN
36378,2021SP,OL,ASY,IN
36379,2021SP,MC,ASY,BL
36380,2021SP,OL,ASY,IN
36381,2021SP,OL,ASY,IN
36382,2021SP,OL,SYN,IN
36383,2021SP,OL,SYN,IN
36385,2021SP,OL,SYN,IN
36386,2021SP,OL,SYN,IN
36399,2021SP,OL,ASY,IN
36400,2021SP,MC,SYN,TR
36402,2021SP,MC,SYN,TR
36403,2021SP,OL,ASY,IN
36404,2021SP,OL,ASY,IN
36406,2021SP,OL,ASY,IN
36407,2021SP,MC,SYN,TR
36408,2021SP,MC,SYN,TR
36409,2021SP,OL,ASY,IN
36410,2021SP,MC,SYN,TR
36411,2021SP,MC,SYN,TR
36412,2021SP,OL,ASY,IN
36413,2021SP,MC,SYN,TR
36414,2021SP,MC,SYN,TR
36415,2021SP,OL,ASY,IN
36416,2021SP,MC,SYN,TR
36417,2021SP,MC,SYN,TR
36418,2021SP,OL,ASY,IN
36419,2021SP,OL,ASY,IN
36421,2021SP,OL,SYN,IN
36422,2021SP,OL,ASY,IN
36423,2021SP,OL,SYN,IN
36424,2021SP,OL,SYN,IN
36425,2021SP,OL,ASY,IN
36426,2021SP,OL,SYN,IN
36427,2021SP,OL,ASY,IN
36428,2021SP,OL,SYN,IN
36429,2021SP,OL,ASY,IN
36430,2021SP,OL,ASY,IN
36431,2021SP,OL,SYN,IN
36432,2021SP,OL,ASY,IN
36433,2021SP,OL,ASY,IN
36434,2021SP,OL,ASY,IN
36435,2021SP,OL,SYN,IN
36447,2021SP,OL,ASY,IN
36458,2021SP,OL,ASY,IN
36480,2021SP,OL,ASY,IN
36481,2021SP,OL,ASY,IN
36482,2021SP,MC,ASY,BL
36483,2021SP,MC,ASY,BL
36535,2021SP,HTC,ASY,BL
36536,2021SP,HTC,ASY,BL
36537,2021SP,OL,ASY,IN
36538,2021SP,HTC,SYN,TR
36540,2021SP,MC,SYN,TR
36541,2021SP,MC,SYN,TR
36542,2021SP,MC,SYN,TR
36543,2021SP,MC,SYN,TR
36544,2021SP,MC,SYN,TR
36545,2021SP,MC,SYN,TR
36546,2021SP,MC,SYN,TR
36547,2021SP,MC,SYN,TR
36549,2021SP,OL,ASY,IN
36550,2021SP,MC,SYN,TR
36553,2021SP,HS,ASY,BL
36554,2021SP,HS,ASY,BL
36559,2021SP,OL,ASY,IN
36573,2021SP,MC,ASY,BL
36575,2021SP,OL,ASY,IN
36595,2021SP,MC,SYN,TR
36596,2021SP,MC,SYN,TR
36608,2021SP,OC,SYN,TR
36620,2021SP,MC,SYN,TR
36621,2021SP,MC,SYN,TR
36622,2021SP,MC,SYN,TR
36634,2021SP,OL,ASY,IN
36652,2020FA,OL,ASY,IN
36669,2021SP,OL,ASY,IN
36690,2021SP,MC,ASY,BL
36691,2021SP,MC,ASY,BL
36692,2021SP,MC,ASY,BL
36696,2021SU,OL,ASY,IN
36697,2021SU,OL,ASY,IN
36698,2021SU,OL,ASY,IN
36699,2021SU,OL,ASY,IN
36701,2021SU,MC,SYN,TR
36702,2021SU,OL,ASY,IN
36703,2021SU,MC,SYN,TR
36704,2021SU,MC,SYN,TR
36705,2021SU,MC,SYN,TR
36706,2021SU,OL,ASY,IN
36707,2021SU,MC,SYN,TR
36708,2021SU,OL,ASY,IN
36709,2021SU,OL,ASY,IN
36714,2021SU,OL,ASY,IN
36715,2021SU,MC,SYN,TR
36716,2021SU,MC,SYN,TR
36717,2021SU,MC,SYN,BL
36718,2021SU,OL,ASY,IN
36719,2021SU,MC,SYN,BL
36720,2021SU,OL,ASY,IN
36721,2021SU,MC,SYN,BL
36722,2021SU,OL,ASY,IN
36723,2021SU,OL,ASY,IN
36724,2021SU,OL,ASY,IN
36725,2021SU,OL,ASY,IN
36726,2021SU,OL,SYN,IN
36727,2021SU,OL,ASY,IN
36728,2021SU,MC,SYN,TR
36729,2021SU,OL,ASY,IN
36730,2021SU,OL,ASY,IN
36731,2021SU,MC,SYN,TR
36732,2021SU,OL,ASY,IN
36733,2021SU,OL,ASY,IN
36734,2021SU,OL,ASY,IN
36735,2021SU,OL,ASY,IN
36736,2021SU,OL,ASY,IN
36737,2021SU,OL,ASY,IN
36739,2021SU,OL,ASY,IN
36740,2021SU,OL,ASY,IN
36741,2021SU,OL,ASY,IN
36742,2021SU,OL,ASY,IN
36743,2021SU,OL,ASY,IN
36744,2021SU,OL,ASY,IN
36745,2021SU,OL,ASY,IN
36746,2021SU,OL,ASY,IN
36747,2021SU,OL,ASY,IN
36748,2021SU,OL,ASY,IN
36749,2021SU,OL,ASY,IN
36750,2021SU,OL,ASY,IN
36751,2021SU,OL,ASY,IN
36766,2021SP,HTC,ASY,BL
36767,2021SP,MC,ASY,BL
36768,2021SP,MC,ASY,BL
36769,2021SP,MC,ASY,BL
36771,2021SP,MC,SYN,TR
36776,2021SP,OL,SYN,IN
36777,2021SP,OL,ASY,IN
36778,2021SP,OL,ASY,IN
36779,2021SP,OL,ASY,IN
36782,2021SP,OL,SYN,IN
36786,2021SP,OL,ASY,IN
36808,2021SP,OL,ASY,IN
36833,2021SP,OL,ASY,IN
36834,2021SP,OL,ASY,IN
36841,2021SP,OL,ASY,IN
36884,2021SP,OC,SYN,TR
36885,2021SP,OC,SYN,TR
36890,2021SP,OL,ASY,IN
36931,2021SP,OL,ASY,IN
36934,2021SU,OL,ASY,IN
36936,2021SU,OL,ASY,IN
36937,2021SU,OL,ASY,IN
36938,2021SU,OL,ASY,IN
36939,2021SU,OL,ASY,IN
36947,2021FA,OL,ASY,IN
36948,2021FA,OL,ASY,IN
36949,2021FA,OL,ASY,IN
36950,2021FA,OL,ASY,IN
36951,2021FA,OL,ASY,IN
36952,2021FA,OC,SYN,TR
36953,2021FA,OL,ASY,IN
36954,2021FA,OL,ASY,IN
36955,2021FA,OL,ASY,IN
36956,2021FA,OL,ASY,IN
36957,2021FA,OL,ASY,IN
36958,2021FA,MC,SYN,TR
36959,2021FA,MC,SYN,TR
36960,2021FA,MC,SYN,TR
36961,2021FA,MC,SYN,TR
36962,2021FA,MC,SYN,TR
36963,2021FA,MC,SYN,TR
36964,2021FA,OL,ASY,IN
36965,2021FA,MC,SYN,TR
36966,2021FA,OL,ASY,IN
36967,2021FA,OL,ASY,IN
36968,2021FA,OL,ASY,IN
36971,2021FA,MC,SYN,TR
36972,2021FA,OL,ASY,IN
36973,2021FA,OL,ASY,IN
36974,2021FA,OL,ASY,IN
36975,2021FA,MC,SYN,TR
36976,2021FA,OL,ASY,IN
36978,2021FA,MC,SYN,TR
36979,2021FA,MC,SYN,TR
36980,2021FA,MC,SYN,BL
36995,2021SU,MC,SYN,BL
36996,2021SU,MC,SYN,TR
36997,2021SU,MC,SYN,TR
36998,2021SU,OL,ASY,IN
36999,2021SU,MC,SYN,TR
37000,2021SU,MC,SYN,TR
37001,2021SU,OL,ASY,IN
37003,2021SU,MC,SYN,TR
37005,2021SU,MC,SYN,TR
37008,2021FA,OL,ASY,IN
37009,2021FA,OL,ASY,IN
37011,2021FA,OL,ASY,IN
37012,2021FA,OL,ASY,IN
37013,2021FA,OL,ASY,IN
37014,2021FA,OL,ASY,IN
37015,2021FA,OL,ASY,IN
37016,2021FA,OL,ASY,IN
37017,2021FA,OL,ASY,IN
37018,2021FA,OL,ASY,IN
37019,2021FA,OL,ASY,IN
37020,2021FA,OL,ASY,IN
37021,2021FA,OL,ASY,IN
37022,2021FA,OL,ASY,IN
37023,2021FA,OL,ASY,IN
37024,2021FA,OL,ASY,IN
37025,2021FA,OL,ASY,IN
37026,2021FA,OL,ASY,IN
37027,2021FA,OL,ASY,IN
37067,2021SU,OL,ASY,IN
37068,2021SU,OL,ASY,IN
37131,2021SU,MC,SYN,BL
37134,2021SU,MC,SYN,BL
37176,2021FA,OL,ASY,IN
37178,2021FA,OL,ASY,IN
37179,2021FA,OL,ASY,IN
37180,2021FA,OL,ASY,IN
37181,2021FA,OL,ASY,IN
37186,2021FA,OL,ASY,IN
37187,2021FA,OL,ASY,IN
37188,2021FA,OL,ASY,IN
37189,2021FA,OL,ASY,IN
37190,2021FA,OL,ASY,IN
37191,2021FA,OL,ASY,IN
37192,2021FA,OL,ASY,IN
37193,2021FA,OL,ASY,IN
37194,2021FA,MC,SYN,TR
37195,2021FA,OL,ASY,IN
37196,2021FA,MC,SYN,TR
37197,2021FA,MC,SYN,TR
37198,2021FA,OL,ASY,IN
37199,2021FA,MC,SYN,TR
37200,2021FA,MC,SYN,TR
37201,2021FA,MC,SYN,TR
37203,2021FA,MC,SYN,TR
37204,2021FA,MC,SYN,TR
37205,2021FA,OL,ASY,IN
37206,2021FA,OL,ASY,IN
37207,2021FA,MC,SYN,TR
37208,2021FA,MC,SYN,TR
37209,2021FA,MC,SYN,TR
37210,2021FA,MC,SYN,TR
37211,2021FA,MC,SYN,TR
37212,2021FA,OL,ASY,IN
37213,2021FA,OL,ASY,IN
37214,2021FA,MC,SYN,BL
37215,2021FA,MC,SYN,HY
37216,2021FA,MC,SYN,TR
37217,2021FA,OL,ASY,IN
37218,2021FA,MC,SYN,TR
37220,2021FA,OL,ASY,IN
37221,2021FA,MC,SYN,BL
37222,2021FA,MC,SYN,BL
37223,2021FA,MC,SYN,BL
37224,2021FA,OL,ASY,IN
37225,2021FA,MC,SYN,TR
37226,2021FA,MC,SYN,TR
37227,2021FA,MC,SYN,TR
37228,2021FA,OL,SYN,IN
37230,2021FA,OL,ASY,IN
37231,2021FA,OL,ASY,IN
37232,2021FA,OL,ASY,IN
37233,2021FA,OL,ASY,IN
37234,2021FA,OL,SYN,IN
37235,2021FA,OL,ASY,IN
37236,2021FA,OL,ASY,IN
37237,2021FA,OL,SYN,IN
37238,2021FA,OL,ASY,IN
37240,2021FA,MC,SYN,TR
37241,2021FA,OL,ASY,IN
37245,2021FA,MC,SYN,TR
37246,2021FA,MC,SYN,TR
37247,2021FA,MC,SYN,TR
37248,2021FA,MC,SYN,TR
37250,2021FA,OL,ASY,IN
37252,2021FA,MC,SYN,TR
37253,2021FA,MC,SYN,BL
37272,2021FA,OL,SYN,IN
37273,2021FA,MC,SYN,TR
37274,2021FA,OL,ASY,IN
37275,2021FA,MC,SYN,TR
37276,2021FA,OL,SYN,IN
37277,2021FA,MC,SYN,TR
37278,2021FA,OL,SYN,IN
37279,2021FA,OL,SYN,IN
37280,2021FA,MC,SYN,TR
37281,2021FA,MC,SYN,TR
37282,2021FA,MC,SYN,TR
37283,2021FA,OL,SYN,IN
37284,2021FA,OL,ASY,IN
37285,2021FA,OL,ASY,IN
37286,2021FA,MC,SYN,TR
37287,2021FA,OL,ASY,IN
37288,2021FA,OL,ASY,IN
37290,2021FA,OL,ASY,IN
37291,2021FA,MC,SYN,TR
37292,2021FA,MC,SYN,TR
37293,2021FA,OL,SYN,IN
37294,2021FA,MC,SYN,TR
37295,2021FA,OL,ASY,IN
37296,2021FA,OL,ASY,IN
37297,2021FA,MC,SYN,TR
37298,2021FA,OL,SYN,IN
37299,2021FA,OL,ASY,IN
37300,2021FA,MC,SYN,TR
37301,2021FA,MC,SYN,TR
37302,2021FA,OL,SYN,IN
37303,2021FA,OL,ASY,IN
37304,2021FA,OL,ASY,IN
37306,2021FA,MC,SYN,TR
37307,2021FA,MC,SYN,TR
37308,2021FA,MC,SYN,TR
37309,2021FA,OL,ASY,IN
37310,2021FA,OL,ASY,IN
37311,2021FA,MC,SYN,TR
37312,2021FA,OL,ASY,IN
37314,2021FA,OL,ASY,IN
37315,2021FA,OL,ASY,IN
37316,2021FA,MC,SYN,TR
37317,2021FA,MC,SYN,TR
37318,2021FA,OL,ASY,IN
37319,2021FA,OL,ASY,IN
37320,2021FA,MC,SYN,TR
37321,2021FA,MC,SYN,BL
37322,2021FA,OL,SYN,IN
37323,2021FA,OL,ASY,IN
37324,2021FA,MC,SYN,BL
37326,2021FA,MC,SYN,BL
37327,2021FA,OL,SYN,IN
37328,2021FA,OL,ASY,IN
37330,2021FA,MC,SYN,BL
37331,2021FA,OL,ASY,IN
37332,2021FA,MC,SYN,BL
37333,2021FA,MC,SYN,BL
37334,2021FA,OL,SYN,IN
37335,2021FA,MC,SYN,TR
37336,2021FA,MC,SYN,TR
37338,2021FA,MC,SYN,TR
37339,2021FA,MC,SYN,TR
37340,2021FA,OL,ASY,IN
37342,2021FA,MC,SYN,BL
37343,2021FA,OL,ASY,IN
37344,2021FA,OL,SYN,IN
37345,2021FA,MC,SYN,TR
37346,2021FA,OL,ASY,IN
37347,2021FA,MC,SYN,TR
37348,2021FA,MC,SYN,TR
37349,2021FA,MC,SYN,TR
37350,2021FA,MC,SYN,TR
37351,2021FA,OL,ASY,IN
37352,2021FA,MC,SYN,BL
37353,2021FA,MC,SYN,TR
37354,2021FA,OL,ASY,IN
37355,2021FA,OL,ASY,IN
37360,2021FA,OL,ASY,IN
37361,2021FA,MC,SYN,HY
37363,2021FA,OL,ASY,IN
37364,2021FA,OL,ASY,IN
37365,2021FA,HTC,SYN,TR
37374,2021FA,MC,SYN,TR
37375,2021FA,OL,ASY,IN
37377,2021FA,MC,SYN,TR
37378,2021FA,MC,SYN,TR
37379,2021FA,MC,SYN,BL
37380,2021FA,MC,SYN,BL
37381,2021FA,MC,SYN,TR
37382,2021FA,MC,SYN,TR
37383,2021FA,MC,SYN,TR
37384,2021FA,MC,SYN,TR
37385,2021FA,OL,ASY,IN
37386,2021FA,MC,SYN,TR
37387,2021FA,MC,SYN,TR
37388,2021FA,MC,SYN,TR
37389,2021FA,MC,SYN,TR
37390,2021FA,MC,SYN,TR
37391,2021FA,HTC,SYN,TR
37393,2021FA,MC,SYN,TR
37394,2021FA,OL,ASY,IN
37395,2021FA,MC,SYN,TR
37396,2021FA,OL,ASY,IN
37398,2021FA,OL,ASY,IN
37399,2021FA,OL,ASY,IN
37402,2021FA,OL,ASY,IN
37403,2021FA,OL,ASY,IN
37404,2021FA,MC,SYN,TR
37405,2021FA,OL,ASY,IN
37406,2021FA,OL,ASY,IN
37407,2021FA,OL,ASY,IN
37408,2021FA,OL,ASY,IN
37409,2021FA,OL,ASY,IN
37411,2021FA,OL,ASY,IN
37412,2021FA,MC,SYN,TR
37413,2021FA,OL,ASY,IN
37414,2021FA,OL,ASY,IN
37416,2021FA,HTC,SYN,TR
37417,2021FA,HTC,SYN,TR
37418,2021FA,MC,SYN,TR
37419,2021FA,MC,SYN,TR
37420,2021FA,HTC,SYN,TR
37421,2021FA,HTC,SYN,TR
37422,2021FA,HTC,SYN,TR
37423,2021FA,OL,ASY,IN
37424,2021FA,MC,SYN,TR
37425,2021FA,HTC,SYN,TR
37426,2021FA,HTC,SYN,BL
37427,2021FA,HTC,SYN,TR
37428,2021FA,HTC,SYN,TR
37430,2021FA,HTC,SYN,TR
37431,2021FA,HTC,SYN,TR
37432,2021FA,HTC,SYN,TR
37433,2021FA,HTC,SYN,TR
37434,2021FA,OL,ASY,IN
37435,2021FA,HTC,SYN,TR
37436,2021FA,OL,ASY,IN
37437,2021FA,MC,SYN,BL
37438,2021FA,MC,SYN,TR
37441,2021FA,MC,SYN,BL
37443,2021FA,MC,SYN,TR
37444,2021FA,MC,SYN,BL
37445,2021FA,OL,ASY,IN
37446,2021FA,OL,ASY,IN
37447,2021FA,MC,SYN,BL
37448,2021FA,MC,SYN,BL
37449,2021FA,OL,ASY,IN
37450,2021FA,MC,SYN,BL
37451,2021FA,MC,SYN,BL
37452,2021FA,OL,SYN,IN
37453,2021FA,MC,SYN,TR
37455,2021FA,MC,SYN,TR
37456,2021FA,MC,SYN,TR
37457,2021FA,MC,SYN,BL
37458,2021FA,MC,SYN,BL
37459,2021FA,MC,SYN,TR
37461,2021FA,MC,SYN,TR
37462,2021FA,MC,SYN,TR
37463,2021FA,MC,SYN,TR
37464,2021FA,MC,SYN,TR
37465,2021FA,MC,SYN,TR
37466,2021FA,MC,SYN,BL
37468,2021FA,HTC,SYN,TR
37469,2021FA,MC,SYN,TR
37470,2021FA,OL,ASY,IN
37471,2021FA,MC,SYN,TR
37472,2021FA,MC,SYN,TR
37473,2021FA,MC,SYN,TR
37474,2021FA,MC,SYN,TR
37485,2021FA,OL,ASY,IN
37486,2021FA,MC,SYN,BL
37487,2021FA,OL,ASY,IN
37488,2021FA,MC,SYN,TR
37489,2021FA,MC,SYN,TR
37490,2021FA,MC,SYN,TR
37491,2021FA,OL,ASY,IN
37492,2021FA,MC,SYN,TR
37493,2021FA,MC,SYN,TR
37494,2021FA,MC,SYN,BL
37495,2021FA,MC,SYN,BL
37496,2021FA,MC,SYN,HY
37498,2021FA,MC,SYN,TR
37499,2021FA,MC,SYN,TR
37500,2021FA,MC,SYN,TR
37501,2021FA,MC,SYN,TR
37502,2021FA,OL,ASY,IN
37503,2021FA,MC,SYN,TR
37504,2021FA,MC,SYN,TR
37505,2021FA,OL,ASY,IN
37506,2021FA,MC,SYN,TR
37507,2021FA,MC,SYN,TR
37508,2021FA,OL,ASY,IN
37509,2021FA,MC,SYN,TR
37510,2021FA,MC,SYN,BL
37511,2021FA,MC,SYN,BL
37514,2021FA,MC,SYN,TR
37535,2021FA,HS,SYN,BL
37536,2021FA,HS,SYN,TR
37537,2021FA,MC,SYN,TR
37538,2021FA,MC,SYN,BL
37539,2021FA,MC,SYN,TR
37559,2021FA,OL,ASY,IN
37561,2021FA,MC,SYN,TR
37562,2021FA,OL,ASY,IN
37563,2021FA,OL,ASY,IN
37564,2021SU,OC,SYN,TR
37565,2021FA,OL,ASY,IN
37603,2021FA,MC,SYN,TR
37631,2021SU,OL,SYN,IN
37634,2021FA,MC,SYN,BL
37641,2021FA,OL,ASY,IN
37643,2021SU,OL,ASY,IN
37868,2021FA,,ASY,IN
37871,2021FA,MC,SYN,TR
37872,2021FA,MC,SYN,TR
37874,2021FA,MC,SYN,TR
37876,2021FA,MC,SYN,TR
37877,2021FA,MC,SYN,BL
37878,2021FA,MC,SYN,TR
37879,2021FA,MC,SYN,BL
37884,2021FA,MC,SYN,TR
37886,2021FA,MC,SYN,TR
37888,2021FA,MC,SYN,TR
37889,2021FA,HTC,SYN,TR
37890,2021FA,HTC,SYN,TR
37910,2021FA,MC,SYN,TR
37913,2021FA,MC,SYN,TR
37914,2021FA,MC,SYN,BL
37915,2021FA,MC,SYN,TR
37916,2021FA,MC,SYN,TR
37917,2021FA,MC,SYN,TR
37920,2021FA,MC,SYN,BL
37921,2021FA,MC,SYN,BL
37922,2021FA,MC,SYN,BL
37927,2021FA,MC,SYN,TR
37950,2021FA,MC,SYN,BL
37952,2021FA,HTC,SYN,TR
37954,2021FA,HTC,SYN,TR
37956,2021FA,OC,SYN,TR
37963,2021FA,OL,ASY,IN
37964,2021FA,OL,ASY,IN
37965,2021FA,OL,ASY,IN
37980,2021FA,OL,ASY,IN
37981,2021FA,MC,SYN,TR
37982,2021FA,MC,SYN,TR
37988,2021FA,HTC,SYN,BL
37989,2021FA,OL,ASY,IN
37990,2021FA,OL,ASY,IN
37991,2021FA,HS,SYN,HY
37992,2021FA,HS,SYN,BL
37993,2021FA,MC,SYN,BL
38076,2021FA,OL,ASY,IN
38077,2021FA,OL,ASY,IN
38181,2022SP,OL,ASY,IN
38182,2022SP,MC,SYN,TR
38183,2022SP,OL,ASY,IN
38184,2022SP,MC,SYN,TR
38185,2022SP,MC,SYN,TR
38186,2022SP,MC,SYN,TR
38187,2022SP,MC,SYN,TR
38188,2022SP,OL,ASY,IN
38189,2022SP,MC,SYN,TR
38190,2022SP,OL,ASY,IN
38191,2022SP,OL,ASY,IN
38192,2022SP,MC,SYN,TR
38193,2022SP,OL,ASY,IN
38194,2022SP,OL,ASY,IN
38195,2022SP,OC,SYN,TR
38196,2022SP,MC,SYN,TR
38197,2022SP,MC,SYN,TR
38198,2022SP,MC,SYN,TR
38199,2022SP,OL,ASY,IN
38200,2022SP,OL,ASY,IN
38201,2022SP,OL,ASY,IN
38202,2022SP,OL,ASY,IN
38203,2022SP,OL,ASY,IN
38204,2022SP,OC,SYN,TR
38205,2022SP,OL,ASY,IN
38206,2022SP,OL,ASY,IN
38207,2022SP,OL,ASY,IN
38208,2022SP,OL,SYN,IN
38209,2022SP,OL,ASY,IN
38210,2022SP,OL,ASY,IN
38211,2022SP,OL,ASY,IN
38212,2022SP,OL,ASY,IN
38213,2022SP,OL,ASY,IN
38214,2022SP,OL,ASY,IN
38215,2022SP,OL,ASY,IN
38216,2022SP,OL,ASY,IN
38217,2022SP,OL,ASY,IN
38218,2022SP,OL,ASY,IN
38219,2022SP,OL,ASY,IN
38220,2022SP,OL,ASY,IN
38221,2022SP,OL,ASY,IN
38224,2022SP,OL,ASY,IN
38225,2022SP,OL,ASY,IN
38226,2022SP,OL,ASY,IN
38227,2022SP,OL,ASY,IN
38228,2022SP,OL,ASY,IN
38229,2022SP,OL,ASY,IN
38230,2022SP,OL,ASY,IN
38231,2022SP,OL,ASY,IN
38232,2022SP,MC,SYN,TR
38233,2022SP,MC,SYN,TR
38234,2022SP,OL,ASY,IN
38235,2022SP,OL,ASY,IN
38236,2022SP,OL,ASY,IN
38237,2022SP,OL,ASY,IN
38238,2022SP,OL,ASY,IN
38239,2022SP,OL,ASY,IN
38240,2022SP,OL,ASY,IN
38241,2022SP,OL,ASY,IN
38242,2022SP,OL,ASY,IN
38243,2022SP,OL,ASY,IN
38244,2022SP,OL,ASY,IN
38245,2022SP,OL,ASY,IN
38246,2022SP,OL,ASY,IN
38247,2022SP,OL,ASY,IN
38249,2022SP,OL,ASY,IN
38250,2022SP,OL,ASY,IN
38251,2022SP,OL,ASY,IN
38252,2022SP,OL,ASY,IN
38253,2022SP,OL,ASY,IN
38255,2022SP,OL,ASY,IN
38256,2022SP,OL,ASY,IN
38257,2022SP,MC,SYN,TR
38258,2022SP,MC,SYN,TR
38259,2022SP,MC,SYN,BL
38260,2022SP,MC,SYN,BL
38261,2022SP,MC,SYN,TR
38262,2022SP,OC,SYN,TR
38264,2022SP,MC,SYN,BL
38265,2022SP,OL,ASY,IN
38266,2022SP,MC,SYN,TR
38267,2022SP,OL,ASY,IN
38268,2022SP,MC,SYN,TR
38269,2022SP,MC,SYN,TR
38270,2022SP,MC,SYN,TR
38271,2022SP,MC,SYN,TR
38272,2022SP,OL,ASY,IN
38273,2022SP,OL,ASY,IN
38274,2022SP,OL,ASY,IN
38275,2022SP,MC,SYN,TR
38276,2022SP,OL,ASY,IN
38278,2022SP,MC,SYN,TR
38279,2022SP,MC,SYN,TR
38280,2022SP,OL,ASY,IN
38281,2022SP,OL,ASY,IN
38283,2022SP,OL,ASY,IN
38284,2022SP,OL,ASY,IN
38285,2022SP,OL,ASY,IN
38286,2022SP,OL,ASY,IN
38287,2022SP,MC,SYN,TR
38288,2022SP,MC,SYN,TR
38289,2022SP,MC,SYN,TR
38290,2022SP,OL,ASY,IN
38291,2022SP,MC,SYN,TR
38292,2022SP,MC,SYN,TR
38293,2022SP,MC,SYN,TR
38294,2022SP,MC,SYN,TR
38295,2022SP,OL,ASY,IN
38296,2022SP,OL,ASY,IN
38297,2022SP,MC,SYN,TR
38298,2022SP,OL,ASY,IN
38299,2022SP,MC,SYN,TR
38300,2022SP,MC,SYN,TR
38301,2022SP,MC,SYN,TR
38302,2022SP,MC,SYN,TR
38303,2022SP,MC,SYN,TR
38304,2022SP,MC,SYN,TR
38305,2022SP,MC,SYN,TR
38306,2022SP,OL,ASY,IN
38307,2022SP,MC,SYN,TR
38308,2022SP,MC,SYN,TR
38309,2022SP,OL,ASY,IN
38310,2022SP,MC,SYN,BL
38311,2022SP,MC,SYN,TR
38312,2022SP,MC,SYN,TR
38313,2022SP,MC,SYN,TR
38314,2022SP,MC,SYN,TR
38315,2022SP,OL,ASY,IN
38316,2022SP,MC,SYN,TR
38317,2022SP,OL,ASY,IN
38318,2022SP,OL,ASY,IN
38319,2022SP,MC,SYN,TR
38320,2022SP,OL,SYN,IN
38321,2022SP,MC,SYN,TR
38322,2022SP,OL,ASY,IN
38323,2022SP,MC,SYN,TR
38324,2022SP,MC,SYN,TR
38325,2022SP,MC,SYN,TR
38326,2022SP,MC,SYN,TR
38327,2022SP,MC,SYN,TR
38328,2022SP,MC,SYN,TR
38329,2022SP,MC,SYN,TR
38330,2022SP,OL,ASY,IN
38331,2022SP,OL,ASY,IN
38332,2022SP,OL,ASY,IN
38333,2022SP,OL,ASY,IN
38334,2022SP,MC,SYN,TR
38335,2022SP,MC,SYN,TR
38336,2022SP,MC,SYN,TR
38337,2022SP,MC,SYN,TR
38338,2022SP,MC,SYN,TR
38339,2022SP,MC,SYN,TR
38340,2022SP,OL,ASY,IN
38341,2022SP,OL,ASY,IN
38342,2022SP,MC,SYN,TR
38343,2022SP,MC,SYN,TR
38344,2022SP,OL,ASY,IN
38345,2022SP,MC,SYN,TR
38346,2022SP,OL,ASY,IN
38347,2022SP,MC,SYN,TR
38348,2022SP,MC,SYN,TR
38349,2022SP,MC,SYN,TR
38350,2022SP,OL,ASY,IN
38351,2022SP,MC,SYN,TR
38352,2022SP,MC,SYN,TR
38353,2022SP,MC,SYN,TR
38354,2022SP,MC,SYN,TR
38355,2022SP,MC,SYN,TR
38356,2022SP,MC,SYN,TR
38357,2022SP,OL,ASY,IN
38358,2022SP,MC,SYN,TR
38359,2022SP,MC,SYN,TR
38360,2022SP,MC,SYN,TR
38361,2022SP,MC,SYN,TR
38362,2022SP,MC,SYN,TR
38363,2022SP,MC,SYN,TR
38364,2022SP,MC,SYN,TR
38365,2022SP,MC,SYN,TR
38366,2022SP,MC,SYN,TR
38367,2022SP,OL,ASY,IN
38368,2022SP,MC,SYN,TR
38369,2022SP,MC,SYN,TR
38370,2022SP,OL,ASY,IN
38371,2022SP,OL,ASY,IN
38372,2022SP,MC,SYN,TR
38373,2022SP,MC,SYN,BL
38374,2022SP,MC,SYN,TR
38375,2022SP,OL,ASY,IN
38376,2022SP,MC,SYN,TR
38378,2022SP,OL,ASY,IN
38379,2022SP,OL,ASY,IN
38380,2022SP,OL,ASY,IN
38381,2022SP,MC,SYN,TR
38382,2022SP,MC,SYN,TR
38383,2022SP,OL,ASY,IN
38384,2022SP,MC,SYN,BL
38385,2022SP,OL,ASY,IN
38386,2022SP,OL,ASY,IN
38388,2022SP,MC,SYN,TR
38389,2022SP,OL,ASY,IN
38390,2022SP,OL,ASY,IN
38391,2022SP,OL,ASY,IN
38392,2022SP,OL,ASY,IN
38393,2022SP,OL,ASY,IN
38394,2022SP,OL,ASY,IN
38395,2022SP,MC,SYN,TR
38396,2022SP,OL,ASY,IN
38397,2022SP,MC,SYN,TR
38398,2022SP,MC,SYN,TR
38399,2022SP,MC,SYN,TR
38400,2022SP,MC,SYN,TR
38402,2022SP,OL,ASY,IN
38403,2022SP,MC,SYN,HY
38404,2022SP,MC,SYN,TR
38405,2022SP,MC,SYN,TR
38421,2022SP,MC,SYN,BL
38422,2022SP,MC,SYN,TR
38425,2022SP,MC,SYN,BL
38428,2022SP,MC,SYN,TR
38429,2022SP,MC,SYN,BL
38430,2022SP,OL,ASY,IN
38432,2022SP,MC,SYN,BL
38433,2022SP,MC,SYN,BL
38434,2022SP,OL,ASY,IN
38435,2022SP,MC,SYN,BL
38436,2022SP,MC,SYN,BL
38437,2022SP,OL,ASY,IN
38439,2022SP,OL,ASY,IN
38441,2022SP,MC,SYN,BL
38442,2022SP,MC,SYN,BL
38444,2022SP,MC,SYN,TR
38446,2022SP,MC,SYN,TR
38447,2022SP,OL,ASY,IN
38448,2022SP,MC,SYN,TR
38449,2022SP,OL,ASY,IN
38450,2022SP,MC,SYN,BL
38451,2022SP,OL,ASY,IN
38452,2022SP,MC,SYN,TR
38453,2022SP,MC,SYN,TR
38454,2022SP,MC,SYN,TR
38455,2022SP,OL,ASY,IN
38456,2022SP,HS,SYN,BL
38457,2022SP,HS,SYN,TR
38459,2022SP,,SYN,TR
38461,2022SP,MC,SYN,TR
38462,2022SP,MC,SYN,TR
38464,2022SP,MC,SYN,TR
38465,2022SP,MC,SYN,TR
38466,2022SP,MC,SYN,BL
38467,2022SP,MC,SYN,BL
38472,2022SP,MC,SYN,TR
38476,2022SP,MC,SYN,BL
38477,2022SP,MC,SYN,HY
38479,2022SP,MC,SYN,TR
38480,2022SP,MC,SYN,TR
38481,2022SP,MC,SYN,TR
38482,2022SP,MC,SYN,TR
38483,2022SP,MC,SYN,TR
38484,2022SP,MC,SYN,BL
38486,2022SP,MC,SYN,BL
38487,2022SP,MC,SYN,TR
38488,2022SP,MC,SYN,TR
38489,2022SP,MC,SYN,TR
38490,2022SP,MC,SYN,TR
38491,2022SP,MC,SYN,TR
38492,2022SP,MC,SYN,TR
38493,2022SP,MC,SYN,TR
38495,2022SP,MC,SYN,TR
38496,2022SP,HTC,SYN,TR
38497,2022SP,HTC,SYN,TR
38499,2022SP,HTC,SYN,TR
38500,2022SP,HTC,SYN,TR
38501,2022SP,HTC,SYN,TR
38502,2022SP,HTC,SYN,TR
38503,2022SP,HTC,SYN,TR
38504,2022SP,HTC,SYN,TR
38505,2022SP,HTC,SYN,TR
38507,2022SP,HTC,SYN,TR
38508,2022SP,HTC,SYN,TR
38509,2022SP,HTC,SYN,TR
38510,2022SP,MC,SYN,TR
38512,2022SP,HTC,SYN,TR
38513,2022SP,HTC,SYN,TR
38514,2022SP,HTC,SYN,TR
38516,2022SP,MC,SYN,BL
38517,2022SP,MC,SYN,TR
38519,2022SP,MC,SYN,TR
38520,2022SP,MC,SYN,TR
38521,2022SP,OL,ASY,IN
38522,2022SP,HTC,SYN,TR
38525,2022SP,MC,SYN,HY
38536,2022SP,OL,ASY,IN
38553,2022SP,MC,SYN,BL
38554,2022SP,MC,SYN,TR
38555,2022SP,MC,SYN,TR
38562,2022SP,OL,ASY,IN
38590,2022SP,OL,ASY,IN
38604,2022SP,OL,ASY,IN
38612,2022SP,OC,SYN,TR
38613,2022SU,OL,ASY,IN
38614,2022SU,OL,ASY,IN
38615,2022SU,OL,ASY,IN
38616,2022SU,OL,ASY,IN
38617,2022SU,MC,SYN,TR
38625,2022SP,MC,SYN,TR
38647,2022SP,OL,ASY,IN
38650,2022SP,OL,ASY,IN
38651,2022SP,MC,SYN,TR
38652,2022SP,MC,SYN,BL
38677,2022SP,OL,ASY,IN
38685,2022SP,OL,ASY,IN
38686,2022SP,HTC,SYN,BL
38690,2022SP,OC,SYN,TR
38691,2022SP,OC,SYN,TR
38692,2022SP,OL,ASY,IN
38693,2022SP,OL,ASY,IN
38698,2022SU,OL,ASY,IN
38701,2022SP,MC,SYN,TR
38703,2022SP,MC,SYN,TR
38704,2022SP,MC,SYN,TR
38746,2022SP,MC,SYN,BL
38765,2022SU,OC,SYN,TR
38772,2022SU,OL,ASY,IN
38773,2022SU,OL,ASY,IN
38774,2022SU,OL,SYN,IN
38775,2022SU,OL,SYN,IN
38776,2022SU,MC,SYN,BL
38778,2022SU,OL,ASY,IN
38779,2022SU,MC,SYN,TR
38780,2022SU,OL,ASY,IN
38781,2022SU,MC,SYN,BL
38782,2022SU,OL,ASY,IN
38783,2022SU,OL,ASY,IN
38784,2022SU,MC,SYN,TR
38785,2022SU,MC,SYN,TR
38786,2022SU,OL,ASY,IN
38787,2022SU,OL,ASY,IN
38788,2022SU,OL,ASY,IN
38789,2022SU,MC,SYN,BL
38790,2022SU,OL,ASY,IN
38791,2022SU,MC,SYN,BL
38792,2022SU,OL,ASY,IN
38793,2022SU,OL,ASY,IN
38794,2022SU,MC,SYN,TR
38796,2022SU,MC,SYN,TR
38797,2022SU,MC,SYN,TR
38798,2022SU,MC,SYN,TR
38799,2022SU,MC,SYN,TR
38800,2022SU,OL,ASY,IN
38801,2022SU,OL,ASY,IN
38802,2022SU,OL,ASY,IN
38803,2022SU,OL,ASY,IN
38804,2022SU,OL,ASY,IN
38805,2022SU,OL,SYN,IN
38806,2022SU,OL,ASY,IN
38807,2022SU,OL,ASY,IN
38808,2022SU,OL,ASY,IN
38809,2022SU,OL,ASY,IN
38810,2022SU,MC,SYN,TR
38811,2022SU,MC,SYN,TR
38812,2022SU,MC,SYN,TR
38813,2022SU,OL,ASY,IN
38814,2022SU,MC,SYN,TR
38815,2022SU,MC,SYN,TR
38816,2022SU,OL,ASY,IN
38817,2022SU,OL,ASY,IN
38818,2022SU,OL,ASY,IN
38820,2022SU,OL,ASY,IN
38821,2022SU,OL,ASY,IN
38843,2022SP,OL,ASY,IN
38898,2022SU,OL,ASY,IN
39286,2022SU,OL,ASY,IN
